scenario_id,object_size,distance,in_robot_path,distance_to_path,change_type,zone_type,risk_score,risk_level
AISLE_NEAR_PATH,0.478,3.625,0,0.35,added,aisle,61,MEDIUM
AISLE_NEAR_PATH,0.367,7.998,0,0.274,moved,aisle,47,MEDIUM
WORK_AREA_NEAR_PATH,0.496,3.344,0,0.253,moved,work,38,MEDIUM
WORK_AREA_CHANGE,0.54,4.044,0,1.957,moved,work,34,MEDIUM
AISLE_NEAR_PATH,0.411,3.06,0,0.269,moved,aisle,52,MEDIUM
STORAGE_NORMAL_CHANGE,0.364,7.9,0,2.834,added,storage,6,LOW
WORK_AREA_CHANGE,0.243,6.997,0,1.884,moved,work,34,MEDIUM
WORK_AREA_NEAR_PATH,0.325,3.896,0,0.198,added,work,53,MEDIUM
AISLE_PATH_BLOCK,0.683,6.699,1,0.09,moved,aisle,90,HIGH
WORK_AREA_CHANGE,0.599,4.193,0,0.592,added,work,35,MEDIUM
LARGE_OBJECT_NEAR_PATH,0.881,0.576,0,0.369,added,aisle,70,MEDIUM
STORAGE_NORMAL_CHANGE,0.13,5.098,0,1.056,added,storage,24,LOW
AISLE_PATH_BLOCK,0.371,4.609,1,0.104,moved,aisle,75,HIGH
WORK_AREA_NEAR_PATH,0.425,1.351,0,0.462,added,work,39,MEDIUM
LARGE_PATH_BLOCK,0.776,5.323,1,0.051,added,aisle,87,HIGH
WORK_AREA_NEAR_PATH,0.698,1.304,0,0.299,added,work,44,MEDIUM
WORK_AREA_CHANGE,0.353,3.742,0,0.663,moved,work,23,LOW
LARGE_PATH_BLOCK,0.918,6.319,1,0.057,added,aisle,90,HIGH
WORK_AREA_NEAR_PATH,0.531,5.23,0,0.667,added,work,59,MEDIUM
WORK_AREA_CHANGE,0.513,7.318,0,1.898,added,work,34,MEDIUM
AISLE_PATH_BLOCK,0.773,7.708,1,0.044,moved,aisle,85,HIGH
STORAGE_NORMAL_CHANGE,0.457,4.621,0,1.6,removed,storage,9,LOW
RESTRICTED_AREA_CHANGE,0.437,6.849,0,1.836,added,restricted,67,MEDIUM
AISLE_NEAR_PATH,0.246,4.86,0,0.379,added,aisle,41,MEDIUM
LARGE_OBJECT_NEAR_PATH,0.61,0.765,0,0.405,added,aisle,68,MEDIUM
LARGE_OBJECT_NEAR_PATH,0.942,6.471,0,0.184,added,aisle,66,MEDIUM
SAFE_MINOR_CHANGE,0.087,6.2,0,4.089,added,safe,3,LOW
AISLE_PATH_BLOCK,0.769,2.424,1,0.005,added,aisle,92,HIGH
STORAGE_NORMAL_CHANGE,0.397,4.554,0,1.731,moved,storage,11,LOW
WORK_AREA_NEAR_PATH,0.291,0.606,0,0.334,added,work,38,MEDIUM
LARGE_PATH_BLOCK,0.852,4.885,1,0.021,added,aisle,87,HIGH
RESTRICTED_AREA_CHANGE,0.482,6.615,0,2.568,added,restricted,75,HIGH
WORK_AREA_CHANGE,0.405,1.791,0,1.315,moved,work,39,MEDIUM
LARGE_PATH_BLOCK,0.7,0.946,1,0.07,added,aisle,96,HIGH
RESTRICTED_AREA_CHANGE,0.428,4.465,0,1.016,moved,restricted,85,HIGH
LARGE_PATH_BLOCK,0.714,7.321,1,0.05,added,aisle,91,HIGH
RESTRICTED_AREA_CHANGE,0.746,2.938,0,0.999,moved,restricted,71,HIGH
STORAGE_NORMAL_CHANGE,0.474,0.667,0,3.405,added,storage,21,LOW
WORK_AREA_NEAR_PATH,0.612,4.631,0,0.49,moved,work,36,MEDIUM
STORAGE_NORMAL_CHANGE,0.296,4.576,0,4.596,added,storage,25,LOW
STORAGE_NORMAL_CHANGE,0.093,1.745,0,3.892,removed,storage,13,LOW
RESTRICTED_AREA_CHANGE,0.112,1.882,0,1.89,moved,restricted,78,HIGH
STORAGE_NORMAL_CHANGE,0.334,7.116,0,3.554,moved,storage,15,LOW
LARGE_PATH_BLOCK,0.86,1.531,1,0.02,added,aisle,95,HIGH
STORAGE_NORMAL_CHANGE,0.298,6.775,0,1.435,removed,storage,9,LOW
SAFE_MINOR_CHANGE,0.056,7.345,0,4.695,added,safe,13,LOW
RESTRICTED_AREA_CHANGE,0.282,6.799,0,1.922,added,restricted,75,HIGH
STORAGE_NORMAL_CHANGE,0.151,2.652,0,2.002,removed,storage,10,LOW
LARGE_OBJECT_NEAR_PATH,0.615,6.438,0,0.208,added,aisle,58,MEDIUM
STORAGE_NORMAL_CHANGE,0.236,6.679,0,2.027,removed,storage,25,LOW
STORAGE_NORMAL_CHANGE,0.14,2.692,0,4.888,added,storage,19,LOW
SAFE_MINOR_CHANGE,0.038,6.956,0,4.292,moved,safe,8,LOW
RESTRICTED_AREA_CHANGE,0.566,2.128,0,1.12,added,restricted,73,HIGH
AISLE_PATH_BLOCK,0.305,0.689,1,0.132,added,aisle,88,HIGH
AISLE_NEAR_PATH,0.663,2.353,0,0.514,moved,aisle,44,MEDIUM
LARGE_PATH_BLOCK,0.935,5.539,1,0.065,added,aisle,88,HIGH
STORAGE_NORMAL_CHANGE,0.2,2.98,0,1.509,moved,storage,8,LOW
LARGE_PATH_BLOCK,0.834,3.017,1,0.046,added,aisle,87,HIGH
WORK_AREA_CHANGE,0.341,4.787,0,0.574,added,work,30,LOW
WORK_AREA_NEAR_PATH,0.289,7.113,0,0.265,moved,work,37,MEDIUM
RESTRICTED_AREA_CHANGE,0.698,7.2,0,2.768,added,restricted,67,MEDIUM
WORK_AREA_NEAR_PATH,0.242,6.771,0,0.663,added,work,40,MEDIUM
SAFE_MINOR_CHANGE,0.056,4.099,0,3.733,added,safe,3,LOW
LARGE_PATH_BLOCK,0.863,0.769,1,0.085,added,aisle,99,HIGH
WORK_AREA_CHANGE,0.116,1.581,0,1.421,moved,work,26,LOW
LARGE_PATH_BLOCK,0.718,5.493,1,0.074,added,aisle,90,HIGH
AISLE_NEAR_PATH,0.623,6.841,0,0.21,added,aisle,58,MEDIUM
WORK_AREA_NEAR_PATH,0.564,6.909,0,0.37,added,work,52,MEDIUM
WORK_AREA_CHANGE,0.144,3.551,0,1.914,moved,work,44,MEDIUM
LARGE_OBJECT_NEAR_PATH,0.739,4.872,0,0.313,added,aisle,74,HIGH
WORK_AREA_CHANGE,0.396,3.039,0,1.169,moved,work,42,MEDIUM
SAFE_MINOR_CHANGE,0.03,4.907,0,1.682,added,safe,14,LOW
RESTRICTED_AREA_CHANGE,0.514,3.236,0,1.825,moved,restricted,68,MEDIUM
LARGE_PATH_BLOCK,0.994,1.858,1,0.032,added,aisle,91,HIGH
STORAGE_NORMAL_CHANGE,0.325,5.177,0,1.54,added,storage,19,LOW
LARGE_OBJECT_NEAR_PATH,0.844,6.798,0,0.198,added,aisle,73,HIGH
SAFE_MINOR_CHANGE,0.197,3.212,0,4.253,added,safe,5,LOW
RESTRICTED_AREA_CHANGE,0.312,2.165,0,0.831,moved,restricted,69,MEDIUM
LARGE_OBJECT_NEAR_PATH,0.971,0.604,0,0.361,added,aisle,65,MEDIUM
STORAGE_NORMAL_CHANGE,0.354,2.476,0,2.421,moved,storage,12,LOW
WORK_AREA_NEAR_PATH,0.459,4.586,0,0.513,moved,work,46,MEDIUM
LARGE_PATH_BLOCK,0.829,4.255,1,0.02,added,aisle,85,HIGH
SAFE_MINOR_CHANGE,0.079,2.858,0,1.63,moved,safe,2,LOW
AISLE_PATH_BLOCK,0.744,2.23,1,0.017,added,aisle,94,HIGH
LARGE_PATH_BLOCK,0.967,2.035,1,0.053,added,aisle,93,HIGH
AISLE_PATH_BLOCK,0.734,3.604,1,0.118,added,aisle,92,HIGH
AISLE_NEAR_PATH,0.205,6.39,0,0.697,moved,aisle,62,MEDIUM
AISLE_NEAR_PATH,0.678,2.529,0,0.605,added,aisle,49,MEDIUM
STORAGE_NORMAL_CHANGE,0.437,3.337,0,4.407,removed,storage,10,LOW
WORK_AREA_NEAR_PATH,0.274,4.88,0,0.175,moved,work,56,MEDIUM
RESTRICTED_AREA_CHANGE,0.151,6.403,0,0.641,added,restricted,70,MEDIUM
AISLE_NEAR_PATH,0.656,6.8,0,0.634,added,aisle,56,MEDIUM
WORK_AREA_NEAR_PATH,0.343,1.475,0,0.426,moved,work,40,MEDIUM
LARGE_PATH_BLOCK,0.872,5.082,1,0.055,added,aisle,88,HIGH
LARGE_PATH_BLOCK,0.978,0.935,1,0.042,added,aisle,94,HIGH
WORK_AREA_CHANGE,0.177,4.465,0,0.63,moved,work,42,MEDIUM
STORAGE_NORMAL_CHANGE,0.465,4.201,0,2.873,removed,storage,25,LOW
SAFE_MINOR_CHANGE,0.047,3.329,0,2.576,moved,safe,2,LOW
WORK_AREA_CHANGE,0.352,7.932,0,0.518,added,work,34,MEDIUM
SAFE_MINOR_CHANGE,0.056,2.919,0,1.622,added,safe,13,LOW
WORK_AREA_NEAR_PATH,0.324,6.944,0,0.314,moved,work,40,MEDIUM
AISLE_PATH_BLOCK,0.745,5.522,1,0.085,moved,aisle,93,HIGH
AISLE_PATH_BLOCK,0.774,2.255,1,0.145,moved,aisle,87,HIGH
RESTRICTED_AREA_CHANGE,0.647,3.046,0,2.852,moved,restricted,60,MEDIUM
STORAGE_NORMAL_CHANGE,0.113,7.793,0,4.612,removed,storage,24,LOW
STORAGE_NORMAL_CHANGE,0.37,5.267,0,3.976,removed,storage,16,LOW
WORK_AREA_CHANGE,0.362,7.123,0,0.939,moved,work,33,MEDIUM
RESTRICTED_AREA_CHANGE,0.175,1.535,0,1.427,added,restricted,61,MEDIUM
LARGE_PATH_BLOCK,0.898,5.556,1,0.071,added,aisle,92,HIGH
RESTRICTED_AREA_CHANGE,0.269,3.086,0,1.357,moved,restricted,74,HIGH
WORK_AREA_NEAR_PATH,0.32,3.649,0,0.266,added,work,38,MEDIUM
LARGE_OBJECT_NEAR_PATH,0.878,1.966,0,0.303,added,aisle,63,MEDIUM
SAFE_MINOR_CHANGE,0.018,1.861,0,1.947,added,safe,3,LOW
SAFE_MINOR_CHANGE,0.158,4.382,0,2.962,added,safe,8,LOW
RESTRICTED_AREA_CHANGE,0.603,1.976,0,1.743,added,restricted,60,MEDIUM
SAFE_MINOR_CHANGE,0.093,7.943,0,4.567,added,safe,11,LOW
SAFE_MINOR_CHANGE,0.064,7.436,0,1.099,moved,safe,8,LOW
WORK_AREA_NEAR_PATH,0.226,6.169,0,0.343,added,work,45,MEDIUM
AISLE_NEAR_PATH,0.683,7.756,0,0.17,moved,aisle,49,MEDIUM
LARGE_PATH_BLOCK,0.725,6.619,1,0.026,added,aisle,91,HIGH
LARGE_PATH_BLOCK,0.87,5.78,1,0.056,added,aisle,85,HIGH
SAFE_MINOR_CHANGE,0.186,1.243,0,4.374,moved,safe,14,LOW
STORAGE_NORMAL_CHANGE,0.467,7.496,0,2.566,removed,storage,11,LOW
RESTRICTED_AREA_CHANGE,0.789,1.557,0,1.41,added,restricted,82,HIGH
AISLE_NEAR_PATH,0.481,0.73,0,0.505,moved,aisle,59,MEDIUM
AISLE_PATH_BLOCK,0.507,3.126,1,0.078,added,aisle,95,HIGH
LARGE_OBJECT_NEAR_PATH,0.703,7.302,0,0.332,added,aisle,57,MEDIUM
LARGE_OBJECT_NEAR_PATH,0.97,1.804,0,0.279,added,aisle,56,MEDIUM
WORK_AREA_NEAR_PATH,0.209,3.913,0,0.49,moved,work,46,MEDIUM
WORK_AREA_NEAR_PATH,0.521,1.923,0,0.209,moved,work,60,MEDIUM
AISLE_NEAR_PATH,0.532,2.305,0,0.575,added,aisle,47,MEDIUM
WORK_AREA_CHANGE,0.5,6.902,0,0.73,added,work,35,MEDIUM
SAFE_MINOR_CHANGE,0.092,5.195,0,2.443,moved,safe,8,LOW
LARGE_PATH_BLOCK,0.832,7.253,1,0.087,added,aisle,90,HIGH
LARGE_PATH_BLOCK,0.819,7.701,1,0.022,added,aisle,89,HIGH
WORK_AREA_CHANGE,0.399,3.814,0,0.867,added,work,42,MEDIUM
LARGE_PATH_BLOCK,0.987,1.996,1,0.019,added,aisle,90,HIGH
WORK_AREA_NEAR_PATH,0.56,4.865,0,0.261,added,work,54,MEDIUM
RESTRICTED_AREA_CHANGE,0.552,7.879,0,2.155,added,restricted,62,MEDIUM
LARGE_OBJECT_NEAR_PATH,0.693,7.715,0,0.487,added,aisle,58,MEDIUM
SAFE_MINOR_CHANGE,0.133,5.527,0,4.052,moved,safe,0,NORMAL
AISLE_NEAR_PATH,0.418,1.621,0,0.342,moved,aisle,58,MEDIUM
WORK_AREA_NEAR_PATH,0.408,7.921,0,0.186,moved,work,59,MEDIUM
AISLE_PATH_BLOCK,0.636,4.945,1,0.072,moved,aisle,87,HIGH
LARGE_PATH_BLOCK,0.701,2.266,1,0.034,added,aisle,88,HIGH
WORK_AREA_CHANGE,0.459,6.187,0,1.088,added,work,42,MEDIUM
RESTRICTED_AREA_CHANGE,0.674,2.168,0,1.726,moved,restricted,61,MEDIUM
LARGE_OBJECT_NEAR_PATH,0.988,7.742,0,0.246,added,aisle,63,MEDIUM
AISLE_NEAR_PATH,0.353,0.873,0,0.33,moved,aisle,62,MEDIUM
SAFE_MINOR_CHANGE,0.128,1.721,0,4.092,moved,safe,13,LOW
LARGE_OBJECT_NEAR_PATH,0.956,4.965,0,0.488,added,aisle,70,MEDIUM
STORAGE_NORMAL_CHANGE,0.064,4.775,0,1.617,added,storage,24,LOW
RESTRICTED_AREA_CHANGE,0.584,5.826,0,0.734,added,restricted,81,HIGH
RESTRICTED_AREA_CHANGE,0.281,3.646,0,1.795,added,restricted,61,MEDIUM
STORAGE_NORMAL_CHANGE,0.453,3.758,0,4.068,removed,storage,21,LOW
AISLE_PATH_BLOCK,0.695,6.828,1,0.098,moved,aisle,85,HIGH
AISLE_PATH_BLOCK,0.884,5.317,1,0.131,added,aisle,80,HIGH
WORK_AREA_NEAR_PATH,0.527,5.453,0,0.44,added,work,43,MEDIUM
SAFE_MINOR_CHANGE,0.096,2.359,0,1.947,moved,safe,11,LOW
WORK_AREA_CHANGE,0.549,4.722,0,1.879,moved,work,27,LOW
LARGE_OBJECT_NEAR_PATH,0.851,5.168,0,0.263,added,aisle,75,HIGH
AISLE_NEAR_PATH,0.424,2.664,0,0.249,moved,aisle,62,MEDIUM
LARGE_OBJECT_NEAR_PATH,0.836,4.815,0,0.425,added,aisle,55,MEDIUM
AISLE_NEAR_PATH,0.511,5.683,0,0.275,added,aisle,59,MEDIUM
RESTRICTED_AREA_CHANGE,0.219,6.376,0,2.767,moved,restricted,84,HIGH
AISLE_NEAR_PATH,0.455,5.1,0,0.549,moved,aisle,48,MEDIUM
AISLE_PATH_BLOCK,0.674,0.854,1,0.057,added,aisle,87,HIGH
LARGE_PATH_BLOCK,0.755,7.578,1,0.051,added,aisle,87,HIGH
RESTRICTED_AREA_CHANGE,0.372,7.263,0,2.034,moved,restricted,72,HIGH
SAFE_MINOR_CHANGE,0.043,6.673,0,2.594,moved,safe,15,LOW
STORAGE_NORMAL_CHANGE,0.312,3.463,0,4.148,removed,storage,24,LOW
AISLE_PATH_BLOCK,0.372,6.177,1,0.05,added,aisle,77,HIGH
AISLE_NEAR_PATH,0.285,7.992,0,0.276,moved,aisle,61,MEDIUM
WORK_AREA_NEAR_PATH,0.215,3.989,0,0.676,moved,work,42,MEDIUM
WORK_AREA_NEAR_PATH,0.209,0.687,0,0.431,moved,work,56,MEDIUM
SAFE_MINOR_CHANGE,0.154,5.896,0,2.728,added,safe,10,LOW
RESTRICTED_AREA_CHANGE,0.249,1.851,0,2.41,added,restricted,75,HIGH
LARGE_OBJECT_NEAR_PATH,0.841,6.12,0,0.212,added,aisle,62,MEDIUM
WORK_AREA_CHANGE,0.469,1.263,0,0.628,moved,work,28,LOW
LARGE_PATH_BLOCK,0.947,6.573,1,0.085,added,aisle,85,HIGH
RESTRICTED_AREA_CHANGE,0.488,2.888,0,1.796,added,restricted,77,HIGH
STORAGE_NORMAL_CHANGE,0.168,7.895,0,1.836,added,storage,9,LOW
WORK_AREA_CHANGE,0.577,2.636,0,1.033,moved,work,28,LOW
SAFE_MINOR_CHANGE,0.023,2.015,0,1.071,added,safe,7,LOW
WORK_AREA_CHANGE,0.591,7.733,0,0.714,added,work,38,MEDIUM
SAFE_MINOR_CHANGE,0.059,7.52,0,1.658,moved,safe,0,NORMAL
SAFE_MINOR_CHANGE,0.122,1.213,0,3.465,added,safe,2,LOW
LARGE_OBJECT_NEAR_PATH,0.783,4.206,0,0.208,added,aisle,57,MEDIUM
LARGE_PATH_BLOCK,0.936,1.746,1,0.092,added,aisle,85,HIGH
LARGE_PATH_BLOCK,0.714,7.484,1,0.04,added,aisle,91,HIGH
RESTRICTED_AREA_CHANGE,0.351,0.543,0,0.612,moved,restricted,85,HIGH
STORAGE_NORMAL_CHANGE,0.203,1.034,0,2.901,removed,storage,20,LOW
STORAGE_NORMAL_CHANGE,0.172,1.704,0,4.1,added,storage,15,LOW
LARGE_PATH_BLOCK,0.925,5.945,1,0.011,added,aisle,95,HIGH
STORAGE_NORMAL_CHANGE,0.061,2.151,0,3.848,added,storage,16,LOW
AISLE_NEAR_PATH,0.454,0.814,0,0.392,added,aisle,45,MEDIUM
WORK_AREA_NEAR_PATH,0.524,6.338,0,0.378,added,work,42,MEDIUM
LARGE_PATH_BLOCK,0.72,2.325,1,0.03,added,aisle,97,HIGH
WORK_AREA_CHANGE,0.237,3.51,0,1.294,moved,work,20,LOW
SAFE_MINOR_CHANGE,0.144,5.253,0,4.927,moved,safe,9,LOW
STORAGE_NORMAL_CHANGE,0.289,4.951,0,1.087,moved,storage,15,LOW
WORK_AREA_NEAR_PATH,0.61,6.495,0,0.679,moved,work,41,MEDIUM
SAFE_MINOR_CHANGE,0.11,1.728,0,1.664,added,safe,13,LOW
WORK_AREA_NEAR_PATH,0.55,2.914,0,0.621,moved,work,40,MEDIUM
SAFE_MINOR_CHANGE,0.179,7.201,0,3.075,added,safe,5,LOW
AISLE_PATH_BLOCK,0.568,3.142,1,0.004,moved,aisle,92,HIGH
LARGE_OBJECT_NEAR_PATH,0.601,4.462,0,0.176,added,aisle,74,HIGH
WORK_AREA_NEAR_PATH,0.22,2.86,0,0.633,moved,work,58,MEDIUM
WORK_AREA_CHANGE,0.377,5.749,0,1.472,moved,work,30,LOW
LARGE_PATH_BLOCK,0.992,3.63,1,0.081,added,aisle,97,HIGH
LARGE_OBJECT_NEAR_PATH,0.861,5.019,0,0.311,added,aisle,73,HIGH
WORK_AREA_CHANGE,0.255,4.617,0,1.345,added,work,32,MEDIUM
RESTRICTED_AREA_CHANGE,0.639,2.926,0,1.063,added,restricted,66,MEDIUM
LARGE_OBJECT_NEAR_PATH,0.63,3.656,0,0.384,added,aisle,62,MEDIUM
AISLE_PATH_BLOCK,0.37,2.055,1,0.004,added,aisle,76,HIGH
AISLE_PATH_BLOCK,0.501,1.79,1,0.07,added,aisle,83,HIGH
WORK_AREA_NEAR_PATH,0.552,1.087,0,0.567,added,work,60,MEDIUM
AISLE_PATH_BLOCK,0.845,4.141,1,0.108,added,aisle,86,HIGH
STORAGE_NORMAL_CHANGE,0.151,6.85,0,2.597,added,storage,5,LOW
WORK_AREA_CHANGE,0.265,7.49,0,1.523,moved,work,45,MEDIUM
SAFE_MINOR_CHANGE,0.055,2.94,0,4.636,added,safe,8,LOW
SAFE_MINOR_CHANGE,0.165,7.269,0,4.15,added,safe,2,LOW
WORK_AREA_NEAR_PATH,0.694,2.952,0,0.199,added,work,41,MEDIUM
RESTRICTED_AREA_CHANGE,0.476,0.866,0,1.51,added,restricted,83,HIGH
AISLE_PATH_BLOCK,0.454,5.077,1,0.042,added,aisle,88,HIGH
SAFE_MINOR_CHANGE,0.028,7.172,0,2.58,added,safe,10,LOW
AISLE_NEAR_PATH,0.244,4.301,0,0.212,added,aisle,56,MEDIUM
LARGE_PATH_BLOCK,0.785,2.952,1,0.095,added,aisle,95,HIGH
RESTRICTED_AREA_CHANGE,0.293,5.419,0,1.593,moved,restricted,80,HIGH
STORAGE_NORMAL_CHANGE,0.191,2.546,0,1.524,added,storage,14,LOW
AISLE_NEAR_PATH,0.452,4.622,0,0.481,moved,aisle,41,MEDIUM
WORK_AREA_NEAR_PATH,0.459,5.4,0,0.348,moved,work,46,MEDIUM
WORK_AREA_CHANGE,0.529,1.878,0,0.501,added,work,35,MEDIUM
LARGE_OBJECT_NEAR_PATH,0.985,2.066,0,0.377,added,aisle,57,MEDIUM
SAFE_MINOR_CHANGE,0.149,3.801,0,3.212,moved,safe,10,LOW
LARGE_PATH_BLOCK,0.881,7.472,1,0.031,added,aisle,99,HIGH
LARGE_PATH_BLOCK,0.921,0.935,1,0.055,added,aisle,87,HIGH
AISLE_NEAR_PATH,0.332,6.762,0,0.643,moved,aisle,52,MEDIUM
AISLE_NEAR_PATH,0.492,2.207,0,0.469,moved,aisle,42,MEDIUM
WORK_AREA_CHANGE,0.444,7.58,0,1.14,added,work,43,MEDIUM
LARGE_OBJECT_NEAR_PATH,0.654,6.872,0,0.239,added,aisle,73,HIGH
LARGE_OBJECT_NEAR_PATH,0.901,4.835,0,0.432,added,aisle,66,MEDIUM
WORK_AREA_NEAR_PATH,0.452,6.92,0,0.54,added,work,55,MEDIUM
LARGE_OBJECT_NEAR_PATH,0.694,5.173,0,0.493,added,aisle,56,MEDIUM
RESTRICTED_AREA_CHANGE,0.558,7.514,0,0.692,moved,restricted,71,HIGH
WORK_AREA_CHANGE,0.349,7.444,0,1.434,added,work,33,MEDIUM
LARGE_OBJECT_NEAR_PATH,0.802,4.237,0,0.346,added,aisle,75,HIGH
AISLE_NEAR_PATH,0.406,7.11,0,0.499,added,aisle,56,MEDIUM
AISLE_PATH_BLOCK,0.489,1.594,1,0.065,added,aisle,94,HIGH
STORAGE_NORMAL_CHANGE,0.421,7.443,0,1.805,moved,storage,24,LOW
STORAGE_NORMAL_CHANGE,0.243,3.744,0,2.012,removed,storage,21,LOW
STORAGE_NORMAL_CHANGE,0.133,3.979,0,2.158,added,storage,21,LOW
LARGE_PATH_BLOCK,0.871,6.565,1,0.061,added,aisle,85,HIGH
RESTRICTED_AREA_CHANGE,0.459,4.804,0,2.723,added,restricted,85,HIGH
SAFE_MINOR_CHANGE,0.134,7.94,0,4.998,added,safe,8,LOW
LARGE_PATH_BLOCK,0.741,4.389,1,0.092,added,aisle,97,HIGH
AISLE_PATH_BLOCK,0.771,5.51,1,0.1,moved,aisle,88,HIGH
STORAGE_NORMAL_CHANGE,0.255,3.456,0,4.241,added,storage,12,LOW
LARGE_PATH_BLOCK,0.726,4.803,1,0.051,added,aisle,93,HIGH
SAFE_MINOR_CHANGE,0.139,6.845,0,1.161,moved,safe,7,LOW
RESTRICTED_AREA_CHANGE,0.583,3.176,0,0.482,added,restricted,70,MEDIUM
WORK_AREA_CHANGE,0.409,0.537,0,0.776,moved,work,36,MEDIUM
WORK_AREA_CHANGE,0.342,4.5,0,0.986,moved,work,22,LOW
SAFE_MINOR_CHANGE,0.2,5.757,0,3.381,added,safe,6,LOW
STORAGE_NORMAL_CHANGE,0.229,4.886,0,1.512,moved,storage,11,LOW
AISLE_PATH_BLOCK,0.569,5.631,1,0.133,added,aisle,81,HIGH
WORK_AREA_CHANGE,0.576,1.551,0,1.94,added,work,35,MEDIUM
RESTRICTED_AREA_CHANGE,0.273,4.881,0,1.158,moved,restricted,81,HIGH
SAFE_MINOR_CHANGE,0.198,4.67,0,4.356,moved,safe,15,LOW
AISLE_NEAR_PATH,0.562,5.509,0,0.656,added,aisle,50,MEDIUM
RESTRICTED_AREA_CHANGE,0.699,7.237,0,1.353,moved,restricted,68,MEDIUM
AISLE_PATH_BLOCK,0.867,3.356,1,0.02,added,aisle,77,HIGH
WORK_AREA_NEAR_PATH,0.634,1.331,0,0.258,added,work,48,MEDIUM
AISLE_PATH_BLOCK,0.775,1.592,1,0.102,moved,aisle,90,HIGH
LARGE_OBJECT_NEAR_PATH,0.882,0.88,0,0.307,added,aisle,65,MEDIUM
WORK_AREA_CHANGE,0.155,1.215,0,1.028,added,work,38,MEDIUM
WORK_AREA_NEAR_PATH,0.387,5.514,0,0.597,added,work,57,MEDIUM
AISLE_NEAR_PATH,0.256,2.269,0,0.59,added,aisle,63,MEDIUM
AISLE_PATH_BLOCK,0.863,1.791,1,0.115,moved,aisle,81,HIGH
SAFE_MINOR_CHANGE,0.012,6.47,0,3.081,added,safe,6,LOW
RESTRICTED_AREA_CHANGE,0.622,2.537,0,0.789,moved,restricted,68,MEDIUM
LARGE_OBJECT_NEAR_PATH,0.871,2.879,0,0.375,added,aisle,55,MEDIUM
WORK_AREA_NEAR_PATH,0.555,6.177,0,0.665,added,work,58,MEDIUM
AISLE_NEAR_PATH,0.353,5.39,0,0.341,added,aisle,51,MEDIUM
AISLE_PATH_BLOCK,0.534,1.112,1,0.097,added,aisle,90,HIGH
AISLE_PATH_BLOCK,0.598,2.046,1,0.088,moved,aisle,84,HIGH
WORK_AREA_NEAR_PATH,0.358,1.473,0,0.532,moved,work,42,MEDIUM
WORK_AREA_NEAR_PATH,0.437,2.414,0,0.167,added,work,52,MEDIUM
RESTRICTED_AREA_CHANGE,0.268,2.856,0,1.43,added,restricted,75,HIGH
STORAGE_NORMAL_CHANGE,0.39,1.233,0,2.873,added,storage,9,LOW
AISLE_NEAR_PATH,0.363,7.559,0,0.328,added,aisle,61,MEDIUM
SAFE_MINOR_CHANGE,0.176,7.817,0,4.491,added,safe,3,LOW
AISLE_NEAR_PATH,0.407,2.953,0,0.211,added,aisle,65,MEDIUM
LARGE_PATH_BLOCK,0.937,2.884,1,0.074,added,aisle,87,HIGH
AISLE_PATH_BLOCK,0.766,4.302,1,0.052,moved,aisle,90,HIGH
WORK_AREA_NEAR_PATH,0.414,4.327,0,0.43,added,work,35,MEDIUM
RESTRICTED_AREA_CHANGE,0.189,4.25,0,2.315,moved,restricted,72,HIGH
LARGE_PATH_BLOCK,0.711,7.48,1,0.079,added,aisle,86,HIGH
SAFE_MINOR_CHANGE,0.014,1.741,0,3.901,moved,safe,11,LOW
WORK_AREA_NEAR_PATH,0.495,6.989,0,0.325,moved,work,47,MEDIUM
RESTRICTED_AREA_CHANGE,0.324,5.217,0,2.765,moved,restricted,69,MEDIUM
SAFE_MINOR_CHANGE,0.02,0.504,0,2.745,moved,safe,12,LOW
SAFE_MINOR_CHANGE,0.039,7.405,0,2.366,moved,safe,0,NORMAL
AISLE_PATH_BLOCK,0.419,1.092,1,0.143,added,aisle,93,HIGH
AISLE_NEAR_PATH,0.311,1.503,0,0.679,moved,aisle,42,MEDIUM
WORK_AREA_CHANGE,0.506,6.023,0,0.833,moved,work,31,MEDIUM
LARGE_OBJECT_NEAR_PATH,0.781,3.753,0,0.468,added,aisle,61,MEDIUM
LARGE_OBJECT_NEAR_PATH,0.991,0.611,0,0.359,added,aisle,59,MEDIUM
AISLE_NEAR_PATH,0.248,5.345,0,0.256,added,aisle,41,MEDIUM
WORK_AREA_CHANGE,0.353,2.261,0,0.659,added,work,28,LOW
WORK_AREA_NEAR_PATH,0.29,6.174,0,0.236,moved,work,55,MEDIUM
RESTRICTED_AREA_CHANGE,0.487,5.317,0,1.454,moved,restricted,73,HIGH
STORAGE_NORMAL_CHANGE,0.138,3.575,0,2.918,removed,storage,23,LOW
RESTRICTED_AREA_CHANGE,0.761,0.97,0,0.621,added,restricted,80,HIGH
WORK_AREA_CHANGE,0.297,6.067,0,1.211,added,work,34,MEDIUM
LARGE_PATH_BLOCK,0.871,1.896,1,0.072,added,aisle,86,HIGH
AISLE_PATH_BLOCK,0.865,0.976,1,0.12,added,aisle,89,HIGH
AISLE_PATH_BLOCK,0.891,3.236,1,0.075,moved,aisle,84,HIGH
SAFE_MINOR_CHANGE,0.037,6.326,0,1.793,added,safe,14,LOW
RESTRICTED_AREA_CHANGE,0.261,5.389,0,1.378,moved,restricted,60,MEDIUM
WORK_AREA_NEAR_PATH,0.578,2.911,0,0.474,moved,work,48,MEDIUM
RESTRICTED_AREA_CHANGE,0.442,3.382,0,2.213,added,restricted,63,MEDIUM
STORAGE_NORMAL_CHANGE,0.347,5.936,0,3.398,removed,storage,25,LOW
WORK_AREA_NEAR_PATH,0.618,1.898,0,0.271,added,work,43,MEDIUM
LARGE_PATH_BLOCK,0.892,7.717,1,0.049,added,aisle,93,HIGH
SAFE_MINOR_CHANGE,0.192,5.394,0,2.982,moved,safe,1,LOW
SAFE_MINOR_CHANGE,0.041,2.399,0,1.641,added,safe,13,LOW
RESTRICTED_AREA_CHANGE,0.178,1.153,0,1.356,moved,restricted,61,MEDIUM
AISLE_PATH_BLOCK,0.642,2.302,1,0.142,moved,aisle,93,HIGH
SAFE_MINOR_CHANGE,0.061,5.824,0,4.921,moved,safe,9,LOW
SAFE_MINOR_CHANGE,0.013,2.222,0,1.527,added,safe,10,LOW
AISLE_NEAR_PATH,0.573,7.19,0,0.45,added,aisle,42,MEDIUM
RESTRICTED_AREA_CHANGE,0.318,1.794,0,2.647,added,restricted,85,HIGH
WORK_AREA_CHANGE,0.534,3.235,0,0.507,added,work,33,MEDIUM
LARGE_OBJECT_NEAR_PATH,0.781,2.63,0,0.373,added,aisle,75,HIGH
LARGE_PATH_BLOCK,0.786,0.936,1,0.04,added,aisle,85,HIGH
LARGE_PATH_BLOCK,0.951,1.499,1,0.096,added,aisle,99,HIGH
AISLE_NEAR_PATH,0.666,2.679,0,0.377,added,aisle,59,MEDIUM
STORAGE_NORMAL_CHANGE,0.098,4.232,0,3.078,added,storage,15,LOW
AISLE_NEAR_PATH,0.217,5.562,0,0.634,added,aisle,65,MEDIUM
LARGE_PATH_BLOCK,0.821,1.32,1,0.059,added,aisle,88,HIGH
AISLE_PATH_BLOCK,0.452,2.052,1,0.032,moved,aisle,83,HIGH
WORK_AREA_NEAR_PATH,0.417,1.864,0,0.332,added,work,45,MEDIUM
WORK_AREA_NEAR_PATH,0.418,3.618,0,0.287,added,work,48,MEDIUM
AISLE_PATH_BLOCK,0.626,4.449,1,0.037,added,aisle,82,HIGH
STORAGE_NORMAL_CHANGE,0.204,1.721,0,3.077,removed,storage,16,LOW
RESTRICTED_AREA_CHANGE,0.772,4.817,0,1.891,moved,restricted,65,MEDIUM
SAFE_MINOR_CHANGE,0.038,7.712,0,1.714,moved,safe,3,LOW
RESTRICTED_AREA_CHANGE,0.646,7.246,0,2.565,moved,restricted,84,HIGH
WORK_AREA_CHANGE,0.544,0.867,0,1.631,moved,work,29,LOW
WORK_AREA_NEAR_PATH,0.68,4.313,0,0.553,moved,work,53,MEDIUM
LARGE_PATH_BLOCK,0.915,6.29,1,0.098,added,aisle,97,HIGH
WORK_AREA_CHANGE,0.402,6.852,0,1.11,added,work,42,MEDIUM
LARGE_PATH_BLOCK,0.887,5.44,1,0.033,added,aisle,92,HIGH
STORAGE_NORMAL_CHANGE,0.101,7.472,0,4.79,moved,storage,11,LOW
RESTRICTED_AREA_CHANGE,0.46,6.403,0,2.079,moved,restricted,75,HIGH
SAFE_MINOR_CHANGE,0.196,3.329,0,3.877,moved,safe,14,LOW
STORAGE_NORMAL_CHANGE,0.375,1.767,0,4.747,removed,storage,8,LOW
AISLE_NEAR_PATH,0.198,5.256,0,0.625,added,aisle,41,MEDIUM
AISLE_PATH_BLOCK,0.582,6.897,1,0.136,added,aisle,93,HIGH
WORK_AREA_NEAR_PATH,0.229,6.425,0,0.432,added,work,43,MEDIUM
WORK_AREA_CHANGE,0.259,3.097,0,1.378,moved,work,35,MEDIUM
RESTRICTED_AREA_CHANGE,0.358,2.503,0,2.538,moved,restricted,63,MEDIUM
STORAGE_NORMAL_CHANGE,0.385,6.654,0,3.997,moved,storage,11,LOW
AISLE_PATH_BLOCK,0.833,1.131,1,0.105,added,aisle,95,HIGH
RESTRICTED_AREA_CHANGE,0.524,6.365,0,1.284,moved,restricted,76,HIGH
LARGE_PATH_BLOCK,0.73,6.976,1,0.05,added,aisle,99,HIGH
AISLE_NEAR_PATH,0.633,3.687,0,0.301,moved,aisle,51,MEDIUM
WORK_AREA_NEAR_PATH,0.37,5.673,0,0.247,moved,work,40,MEDIUM
STORAGE_NORMAL_CHANGE,0.276,1.639,0,2.408,moved,storage,16,LOW
LARGE_OBJECT_NEAR_PATH,0.971,7.309,0,0.497,added,aisle,70,MEDIUM
STORAGE_NORMAL_CHANGE,0.275,6.171,0,4.399,moved,storage,25,LOW
AISLE_NEAR_PATH,0.367,2.761,0,0.226,added,aisle,57,MEDIUM
AISLE_PATH_BLOCK,0.764,0.771,1,0.064,moved,aisle,77,HIGH
AISLE_NEAR_PATH,0.282,1.631,0,0.324,moved,aisle,50,MEDIUM
RESTRICTED_AREA_CHANGE,0.598,1.672,0,1.439,added,restricted,78,HIGH
WORK_AREA_CHANGE,0.475,7.816,0,1.191,added,work,36,MEDIUM
WORK_AREA_NEAR_PATH,0.451,4.278,0,0.657,moved,work,48,MEDIUM
WORK_AREA_CHANGE,0.135,0.927,0,1.874,added,work,28,LOW
SAFE_MINOR_CHANGE,0.101,3.923,0,1.961,moved,safe,10,LOW
WORK_AREA_NEAR_PATH,0.672,0.849,0,0.568,added,work,54,MEDIUM
WORK_AREA_NEAR_PATH,0.311,1.95,0,0.323,added,work,58,MEDIUM
RESTRICTED_AREA_CHANGE,0.758,1.797,0,1.549,added,restricted,62,MEDIUM
SAFE_MINOR_CHANGE,0.075,3.561,0,2.76,added,safe,2,LOW
SAFE_MINOR_CHANGE,0.082,7.9,0,3.871,moved,safe,15,LOW
SAFE_MINOR_CHANGE,0.13,3.447,0,4.687,moved,safe,5,LOW
AISLE_PATH_BLOCK,0.693,4.636,1,0.138,added,aisle,88,HIGH
LARGE_OBJECT_NEAR_PATH,0.65,0.655,0,0.498,added,aisle,64,MEDIUM
AISLE_PATH_BLOCK,0.459,3.565,1,0.149,moved,aisle,83,HIGH
RESTRICTED_AREA_CHANGE,0.298,3.035,0,1.933,moved,restricted,75,HIGH
AISLE_NEAR_PATH,0.475,3.203,0,0.309,moved,aisle,45,MEDIUM
LARGE_PATH_BLOCK,0.906,1.167,1,0.073,added,aisle,88,HIGH
WORK_AREA_CHANGE,0.599,1.703,0,0.804,moved,work,34,MEDIUM
LARGE_PATH_BLOCK,0.879,5.934,1,0.017,added,aisle,96,HIGH
LARGE_PATH_BLOCK,0.897,6.569,1,0.07,added,aisle,100,HIGH
RESTRICTED_AREA_CHANGE,0.414,2.02,0,0.359,added,restricted,85,HIGH
RESTRICTED_AREA_CHANGE,0.145,3.388,0,1.156,moved,restricted,78,HIGH
AISLE_NEAR_PATH,0.472,0.571,0,0.463,added,aisle,56,MEDIUM
WORK_AREA_CHANGE,0.466,3.863,0,0.524,moved,work,45,MEDIUM
LARGE_PATH_BLOCK,0.761,7.083,1,0.029,added,aisle,87,HIGH
AISLE_PATH_BLOCK,0.895,7.428,1,0.011,added,aisle,88,HIGH
STORAGE_NORMAL_CHANGE,0.339,5.678,0,4.932,added,storage,13,LOW
AISLE_NEAR_PATH,0.516,2.028,0,0.652,added,aisle,59,MEDIUM
WORK_AREA_CHANGE,0.185,5.321,0,1.958,added,work,26,LOW
LARGE_OBJECT_NEAR_PATH,0.899,5.021,0,0.383,added,aisle,63,MEDIUM
STORAGE_NORMAL_CHANGE,0.067,5.403,0,2.356,moved,storage,18,LOW
WORK_AREA_CHANGE,0.456,4.279,0,1.857,moved,work,24,LOW
STORAGE_NORMAL_CHANGE,0.166,1.921,0,1.496,moved,storage,16,LOW
RESTRICTED_AREA_CHANGE,0.415,5.492,0,0.652,moved,restricted,70,MEDIUM
AISLE_PATH_BLOCK,0.595,7.46,1,0.072,moved,aisle,85,HIGH
LARGE_PATH_BLOCK,0.705,5.788,1,0.025,added,aisle,95,HIGH
LARGE_PATH_BLOCK,0.754,4.901,1,0.097,added,aisle,91,HIGH
LARGE_PATH_BLOCK,0.723,6.055,1,0.097,added,aisle,98,HIGH
LARGE_OBJECT_NEAR_PATH,0.699,1.665,0,0.337,added,aisle,67,MEDIUM
STORAGE_NORMAL_CHANGE,0.151,3.912,0,2.656,added,storage,8,LOW
STORAGE_NORMAL_CHANGE,0.071,6.217,0,4.949,added,storage,5,LOW
AISLE_NEAR_PATH,0.533,6.841,0,0.547,added,aisle,44,MEDIUM
WORK_AREA_CHANGE,0.306,5.505,0,1.185,moved,work,39,MEDIUM
SAFE_MINOR_CHANGE,0.121,5.374,0,1.338,moved,safe,6,LOW
STORAGE_NORMAL_CHANGE,0.064,3.473,0,4.781,removed,storage,6,LOW
LARGE_OBJECT_NEAR_PATH,0.758,4.0,0,0.198,added,aisle,74,HIGH
LARGE_PATH_BLOCK,0.764,5.681,1,0.064,added,aisle,94,HIGH
AISLE_NEAR_PATH,0.182,5.121,0,0.575,moved,aisle,54,MEDIUM
STORAGE_NORMAL_CHANGE,0.376,7.02,0,3.516,removed,storage,17,LOW
AISLE_NEAR_PATH,0.292,6.53,0,0.563,moved,aisle,62,MEDIUM
RESTRICTED_AREA_CHANGE,0.5,6.485,0,2.816,added,restricted,70,MEDIUM
SAFE_MINOR_CHANGE,0.032,0.659,0,1.222,added,safe,2,LOW
LARGE_PATH_BLOCK,0.739,1.021,1,0.099,added,aisle,88,HIGH
STORAGE_NORMAL_CHANGE,0.387,2.432,0,4.466,added,storage,20,LOW
STORAGE_NORMAL_CHANGE,0.236,6.197,0,1.923,added,storage,24,LOW
LARGE_PATH_BLOCK,0.795,7.155,1,0.019,added,aisle,88,HIGH
WORK_AREA_CHANGE,0.244,2.31,0,0.624,moved,work,32,MEDIUM
LARGE_OBJECT_NEAR_PATH,0.742,4.382,0,0.165,added,aisle,66,MEDIUM
LARGE_PATH_BLOCK,0.983,7.224,1,0.062,added,aisle,100,HIGH
AISLE_NEAR_PATH,0.251,1.308,0,0.391,moved,aisle,54,MEDIUM
WORK_AREA_NEAR_PATH,0.372,4.928,0,0.429,added,work,38,MEDIUM
WORK_AREA_NEAR_PATH,0.559,2.475,0,0.62,added,work,35,MEDIUM
AISLE_PATH_BLOCK,0.881,3.616,1,0.02,added,aisle,92,HIGH
WORK_AREA_CHANGE,0.562,6.662,0,1.344,added,work,34,MEDIUM
SAFE_MINOR_CHANGE,0.176,3.045,0,3.123,moved,safe,3,LOW
WORK_AREA_NEAR_PATH,0.224,0.722,0,0.694,moved,work,47,MEDIUM
AISLE_NEAR_PATH,0.566,3.087,0,0.238,added,aisle,57,MEDIUM
SAFE_MINOR_CHANGE,0.034,4.284,0,3.981,moved,safe,10,LOW
AISLE_PATH_BLOCK,0.402,5.934,1,0.085,moved,aisle,83,HIGH
LARGE_PATH_BLOCK,0.713,6.656,1,0.066,added,aisle,89,HIGH
AISLE_PATH_BLOCK,0.515,4.971,1,0.101,added,aisle,82,HIGH
SAFE_MINOR_CHANGE,0.138,2.282,0,4.411,moved,safe,5,LOW
LARGE_PATH_BLOCK,0.848,4.135,1,0.018,added,aisle,95,HIGH
STORAGE_NORMAL_CHANGE,0.143,3.671,0,1.705,added,storage,7,LOW
SAFE_MINOR_CHANGE,0.148,3.958,0,3.64,moved,safe,9,LOW
RESTRICTED_AREA_CHANGE,0.779,7.613,0,1.038,added,restricted,60,MEDIUM
WORK_AREA_CHANGE,0.225,1.546,0,1.791,moved,work,25,LOW
AISLE_NEAR_PATH,0.66,5.008,0,0.347,added,aisle,51,MEDIUM
AISLE_NEAR_PATH,0.643,1.926,0,0.636,moved,aisle,59,MEDIUM
AISLE_PATH_BLOCK,0.483,3.714,1,0.005,added,aisle,86,HIGH
WORK_AREA_CHANGE,0.195,1.948,0,1.313,added,work,23,LOW
LARGE_OBJECT_NEAR_PATH,0.602,5.886,0,0.235,added,aisle,75,HIGH
AISLE_NEAR_PATH,0.68,7.31,0,0.465,added,aisle,49,MEDIUM
WORK_AREA_NEAR_PATH,0.23,1.648,0,0.332,added,work,52,MEDIUM
LARGE_OBJECT_NEAR_PATH,0.909,7.395,0,0.417,added,aisle,63,MEDIUM
LARGE_PATH_BLOCK,0.767,4.853,1,0.022,added,aisle,93,HIGH
WORK_AREA_CHANGE,0.257,2.977,0,1.541,added,work,36,MEDIUM
RESTRICTED_AREA_CHANGE,0.262,2.066,0,2.794,added,restricted,75,HIGH
WORK_AREA_CHANGE,0.539,7.697,0,0.843,moved,work,44,MEDIUM
LARGE_PATH_BLOCK,0.793,0.766,1,0.082,added,aisle,94,HIGH
AISLE_PATH_BLOCK,0.585,3.291,1,0.101,moved,aisle,88,HIGH
STORAGE_NORMAL_CHANGE,0.161,2.231,0,1.109,moved,storage,25,LOW
AISLE_PATH_BLOCK,0.89,6.468,1,0.076,moved,aisle,78,HIGH
LARGE_PATH_BLOCK,0.971,3.475,1,0.095,added,aisle,100,HIGH
STORAGE_NORMAL_CHANGE,0.39,6.818,0,4.476,added,storage,5,LOW
AISLE_PATH_BLOCK,0.796,4.63,1,0.116,moved,aisle,92,HIGH
STORAGE_NORMAL_CHANGE,0.125,5.2,0,2.305,moved,storage,18,LOW
AISLE_PATH_BLOCK,0.473,4.466,1,0.075,added,aisle,95,HIGH
WORK_AREA_NEAR_PATH,0.599,6.1,0,0.161,moved,work,42,MEDIUM
SAFE_MINOR_CHANGE,0.116,6.515,0,4.699,added,safe,13,LOW
RESTRICTED_AREA_CHANGE,0.599,4.254,0,0.777,moved,restricted,70,MEDIUM
LARGE_OBJECT_NEAR_PATH,0.888,2.469,0,0.368,added,aisle,70,MEDIUM
WORK_AREA_NEAR_PATH,0.536,6.268,0,0.428,added,work,58,MEDIUM
LARGE_PATH_BLOCK,0.703,7.626,1,0.012,added,aisle,89,HIGH
RESTRICTED_AREA_CHANGE,0.755,4.915,0,1.858,added,restricted,67,MEDIUM
WORK_AREA_CHANGE,0.162,1.985,0,1.648,moved,work,22,LOW
RESTRICTED_AREA_CHANGE,0.609,3.331,0,2.94,moved,restricted,77,HIGH
STORAGE_NORMAL_CHANGE,0.09,0.689,0,1.808,added,storage,20,LOW
LARGE_OBJECT_NEAR_PATH,0.682,2.721,0,0.457,added,aisle,60,MEDIUM
SAFE_MINOR_CHANGE,0.067,7.388,0,4.125,moved,safe,1,LOW
STORAGE_NORMAL_CHANGE,0.07,3.509,0,2.296,moved,storage,24,LOW
LARGE_OBJECT_NEAR_PATH,0.822,6.295,0,0.217,added,aisle,68,MEDIUM
LARGE_PATH_BLOCK,0.908,5.248,1,0.023,added,aisle,89,HIGH
WORK_AREA_CHANGE,0.432,6.848,0,1.99,added,work,30,LOW
STORAGE_NORMAL_CHANGE,0.176,6.916,0,2.56,added,storage,16,LOW
WORK_AREA_NEAR_PATH,0.246,4.569,0,0.564,moved,work,46,MEDIUM
SAFE_MINOR_CHANGE,0.014,2.949,0,1.791,added,safe,12,LOW
WORK_AREA_NEAR_PATH,0.571,1.63,0,0.291,moved,work,55,MEDIUM
LARGE_OBJECT_NEAR_PATH,0.81,1.96,0,0.403,added,aisle,55,MEDIUM
LARGE_OBJECT_NEAR_PATH,0.813,5.045,0,0.205,added,aisle,58,MEDIUM
WORK_AREA_CHANGE,0.252,1.798,0,1.994,added,work,21,LOW
AISLE_NEAR_PATH,0.512,5.382,0,0.647,added,aisle,64,MEDIUM
AISLE_PATH_BLOCK,0.536,4.717,1,0.139,added,aisle,78,HIGH
SAFE_MINOR_CHANGE,0.117,1.264,0,3.612,added,safe,15,LOW
STORAGE_NORMAL_CHANGE,0.253,4.76,0,2.847,added,storage,18,LOW
LARGE_PATH_BLOCK,0.805,3.051,1,0.049,added,aisle,90,HIGH
WORK_AREA_CHANGE,0.119,2.967,0,1.243,added,work,29,LOW
STORAGE_NORMAL_CHANGE,0.382,1.039,0,3.063,removed,storage,15,LOW
RESTRICTED_AREA_CHANGE,0.164,3.804,0,1.671,moved,restricted,71,HIGH
LARGE_OBJECT_NEAR_PATH,0.977,4.31,0,0.315,added,aisle,66,MEDIUM
SAFE_MINOR_CHANGE,0.15,3.524,0,3.247,added,safe,11,LOW
WORK_AREA_CHANGE,0.277,1.428,0,0.779,added,work,28,LOW
WORK_AREA_CHANGE,0.561,4.759,0,1.557,moved,work,23,LOW
RESTRICTED_AREA_CHANGE,0.371,2.6,0,1.387,moved,restricted,76,HIGH
LARGE_OBJECT_NEAR_PATH,0.819,4.974,0,0.284,added,aisle,65,MEDIUM
WORK_AREA_CHANGE,0.229,4.572,0,0.981,moved,work,27,LOW
WORK_AREA_CHANGE,0.409,1.637,0,0.823,moved,work,27,LOW
STORAGE_NORMAL_CHANGE,0.272,2.752,0,2.909,removed,storage,12,LOW
WORK_AREA_CHANGE,0.455,4.013,0,1.839,added,work,25,LOW
LARGE_PATH_BLOCK,0.884,6.599,1,0.04,added,aisle,86,HIGH
WORK_AREA_CHANGE,0.592,2.359,0,0.614,added,work,34,MEDIUM
RESTRICTED_AREA_CHANGE,0.229,3.803,0,0.313,added,restricted,78,HIGH
AISLE_PATH_BLOCK,0.367,2.428,1,0.027,moved,aisle,75,HIGH
AISLE_NEAR_PATH,0.582,4.936,0,0.206,moved,aisle,53,MEDIUM
AISLE_PATH_BLOCK,0.797,7.547,1,0.1,moved,aisle,95,HIGH
LARGE_PATH_BLOCK,0.95,3.424,1,0.038,added,aisle,93,HIGH
LARGE_OBJECT_NEAR_PATH,0.772,0.775,0,0.335,added,aisle,62,MEDIUM
LARGE_OBJECT_NEAR_PATH,0.84,2.383,0,0.364,added,aisle,65,MEDIUM
AISLE_NEAR_PATH,0.603,1.229,0,0.185,moved,aisle,59,MEDIUM
SAFE_MINOR_CHANGE,0.075,6.458,0,3.491,added,safe,12,LOW
AISLE_PATH_BLOCK,0.588,5.875,1,0.11,moved,aisle,90,HIGH
LARGE_OBJECT_NEAR_PATH,0.909,4.447,0,0.483,added,aisle,69,MEDIUM
STORAGE_NORMAL_CHANGE,0.456,0.838,0,4.743,removed,storage,22,LOW
RESTRICTED_AREA_CHANGE,0.778,3.716,0,1.047,moved,restricted,71,HIGH
RESTRICTED_AREA_CHANGE,0.728,6.675,0,0.797,added,restricted,62,MEDIUM
AISLE_PATH_BLOCK,0.681,4.823,1,0.108,added,aisle,92,HIGH
AISLE_PATH_BLOCK,0.436,4.702,1,0.038,moved,aisle,86,HIGH
AISLE_NEAR_PATH,0.214,6.806,0,0.441,moved,aisle,41,MEDIUM
AISLE_NEAR_PATH,0.305,7.364,0,0.318,added,aisle,45,MEDIUM
STORAGE_NORMAL_CHANGE,0.126,6.474,0,2.043,moved,storage,8,LOW
WORK_AREA_NEAR_PATH,0.602,3.782,0,0.538,added,work,37,MEDIUM
WORK_AREA_CHANGE,0.133,2.31,0,0.591,moved,work,34,MEDIUM
WORK_AREA_NEAR_PATH,0.572,1.386,0,0.411,moved,work,50,MEDIUM
WORK_AREA_NEAR_PATH,0.355,2.002,0,0.197,moved,work,48,MEDIUM
AISLE_NEAR_PATH,0.657,4.347,0,0.493,added,aisle,49,MEDIUM
AISLE_PATH_BLOCK,0.577,2.666,1,0.135,added,aisle,86,HIGH
AISLE_NEAR_PATH,0.546,5.303,0,0.583,added,aisle,63,MEDIUM
AISLE_PATH_BLOCK,0.339,4.667,1,0.014,moved,aisle,86,HIGH
RESTRICTED_AREA_CHANGE,0.325,4.365,0,1.764,moved,restricted,60,MEDIUM
LARGE_PATH_BLOCK,0.764,1.469,1,0.093,added,aisle,87,HIGH
STORAGE_NORMAL_CHANGE,0.429,7.575,0,1.508,removed,storage,21,LOW
SAFE_MINOR_CHANGE,0.085,5.582,0,3.903,moved,safe,9,LOW
WORK_AREA_CHANGE,0.564,3.625,0,0.505,added,work,21,LOW
RESTRICTED_AREA_CHANGE,0.397,4.502,0,0.913,added,restricted,71,HIGH
LARGE_PATH_BLOCK,0.831,0.576,1,0.007,added,aisle,85,HIGH
AISLE_NEAR_PATH,0.232,4.976,0,0.481,added,aisle,48,MEDIUM
SAFE_MINOR_CHANGE,0.13,1.294,0,1.561,moved,safe,6,LOW
LARGE_OBJECT_NEAR_PATH,0.703,0.526,0,0.488,added,aisle,65,MEDIUM
RESTRICTED_AREA_CHANGE,0.179,5.398,0,1.602,added,restricted,74,HIGH
SAFE_MINOR_CHANGE,0.024,1.533,0,2.218,added,safe,8,LOW
RESTRICTED_AREA_CHANGE,0.561,6.767,0,0.856,added,restricted,82,HIGH
LARGE_PATH_BLOCK,0.907,3.595,1,0.084,added,aisle,92,HIGH
LARGE_PATH_BLOCK,0.706,1.335,1,0.024,added,aisle,88,HIGH
LARGE_PATH_BLOCK,0.82,7.132,1,0.082,added,aisle,85,HIGH
WORK_AREA_CHANGE,0.255,7.751,0,1.159,moved,work,31,MEDIUM
RESTRICTED_AREA_CHANGE,0.123,0.825,0,1.006,moved,restricted,62,MEDIUM
SAFE_MINOR_CHANGE,0.07,4.284,0,4.5,moved,safe,13,LOW
STORAGE_NORMAL_CHANGE,0.459,6.453,0,1.235,removed,storage,14,LOW
LARGE_PATH_BLOCK,0.959,1.815,1,0.035,added,aisle,100,HIGH
LARGE_OBJECT_NEAR_PATH,0.909,3.212,0,0.237,added,aisle,66,MEDIUM
RESTRICTED_AREA_CHANGE,0.375,7.477,0,2.273,moved,restricted,69,MEDIUM
AISLE_NEAR_PATH,0.663,3.602,0,0.581,moved,aisle,50,MEDIUM
WORK_AREA_NEAR_PATH,0.237,4.924,0,0.595,added,work,45,MEDIUM
RESTRICTED_AREA_CHANGE,0.202,7.983,0,1.969,added,restricted,71,HIGH
AISLE_NEAR_PATH,0.404,7.169,0,0.668,moved,aisle,45,MEDIUM
LARGE_OBJECT_NEAR_PATH,0.84,1.098,0,0.228,added,aisle,62,MEDIUM
WORK_AREA_CHANGE,0.158,1.275,0,1.457,added,work,29,LOW
LARGE_PATH_BLOCK,0.941,6.446,1,0.066,added,aisle,100,HIGH
SAFE_MINOR_CHANGE,0.036,6.431,0,2.083,added,safe,14,LOW
LARGE_PATH_BLOCK,0.868,3.313,1,0.054,added,aisle,87,HIGH
WORK_AREA_CHANGE,0.587,6.591,0,1.791,added,work,32,MEDIUM
AISLE_NEAR_PATH,0.314,1.021,0,0.548,moved,aisle,59,MEDIUM
LARGE_OBJECT_NEAR_PATH,0.754,5.127,0,0.171,added,aisle,62,MEDIUM
RESTRICTED_AREA_CHANGE,0.638,3.783,0,0.83,moved,restricted,82,HIGH
RESTRICTED_AREA_CHANGE,0.573,2.476,0,1.593,added,restricted,68,MEDIUM
LARGE_PATH_BLOCK,0.735,5.431,1,0.069,added,aisle,86,HIGH
STORAGE_NORMAL_CHANGE,0.199,1.769,0,1.847,added,storage,6,LOW
STORAGE_NORMAL_CHANGE,0.205,3.66,0,1.401,added,storage,21,LOW
SAFE_MINOR_CHANGE,0.173,3.971,0,2.54,moved,safe,10,LOW
STORAGE_NORMAL_CHANGE,0.373,3.999,0,2.445,added,storage,22,LOW
RESTRICTED_AREA_CHANGE,0.67,4.819,0,2.583,added,restricted,65,MEDIUM
LARGE_OBJECT_NEAR_PATH,0.77,3.9,0,0.152,added,aisle,59,MEDIUM
AISLE_NEAR_PATH,0.593,1.44,0,0.198,added,aisle,64,MEDIUM
AISLE_NEAR_PATH,0.656,1.273,0,0.154,added,aisle,62,MEDIUM
AISLE_NEAR_PATH,0.541,4.791,0,0.634,moved,aisle,43,MEDIUM
WORK_AREA_CHANGE,0.515,5.235,0,1.43,moved,work,36,MEDIUM
STORAGE_NORMAL_CHANGE,0.058,3.794,0,3.576,added,storage,17,LOW
LARGE_OBJECT_NEAR_PATH,0.796,6.639,0,0.229,added,aisle,64,MEDIUM
AISLE_PATH_BLOCK,0.318,3.017,1,0.07,moved,aisle,82,HIGH
LARGE_PATH_BLOCK,0.953,4.677,1,0.021,added,aisle,92,HIGH
STORAGE_NORMAL_CHANGE,0.45,6.588,0,2.398,removed,storage,17,LOW
AISLE_NEAR_PATH,0.163,2.384,0,0.174,moved,aisle,61,MEDIUM
LARGE_OBJECT_NEAR_PATH,0.917,1.666,0,0.345,added,aisle,70,MEDIUM
SAFE_MINOR_CHANGE,0.075,5.882,0,4.23,moved,safe,15,LOW
SAFE_MINOR_CHANGE,0.099,6.386,0,1.071,moved,safe,1,LOW
STORAGE_NORMAL_CHANGE,0.173,0.746,0,2.117,added,storage,9,LOW
SAFE_MINOR_CHANGE,0.124,7.059,0,1.786,added,safe,4,LOW
AISLE_NEAR_PATH,0.39,2.065,0,0.175,added,aisle,52,MEDIUM
LARGE_OBJECT_NEAR_PATH,0.915,1.615,0,0.311,added,aisle,75,HIGH
WORK_AREA_NEAR_PATH,0.527,4.111,0,0.427,added,work,37,MEDIUM
SAFE_MINOR_CHANGE,0.033,6.733,0,1.613,moved,safe,2,LOW
AISLE_NEAR_PATH,0.28,0.569,0,0.354,added,aisle,48,MEDIUM
RESTRICTED_AREA_CHANGE,0.397,7.313,0,1.658,added,restricted,83,HIGH
WORK_AREA_NEAR_PATH,0.478,2.418,0,0.687,moved,work,35,MEDIUM
RESTRICTED_AREA_CHANGE,0.656,2.061,0,2.008,moved,restricted,79,HIGH
LARGE_PATH_BLOCK,0.958,1.308,1,0.063,added,aisle,90,HIGH
SAFE_MINOR_CHANGE,0.183,5.748,0,2.063,moved,safe,15,LOW
WORK_AREA_NEAR_PATH,0.235,4.199,0,0.194,added,work,53,MEDIUM
RESTRICTED_AREA_CHANGE,0.193,7.264,0,1.776,added,restricted,67,MEDIUM
AISLE_PATH_BLOCK,0.647,2.84,1,0.008,moved,aisle,75,HIGH
AISLE_PATH_BLOCK,0.48,7.059,1,0.046,added,aisle,80,HIGH
RESTRICTED_AREA_CHANGE,0.771,4.883,0,2.134,added,restricted,73,HIGH
STORAGE_NORMAL_CHANGE,0.138,4.764,0,4.65,added,storage,16,LOW
AISLE_NEAR_PATH,0.174,3.797,0,0.576,moved,aisle,56,MEDIUM
AISLE_NEAR_PATH,0.275,6.636,0,0.297,added,aisle,60,MEDIUM
RESTRICTED_AREA_CHANGE,0.726,1.327,0,2.799,added,restricted,73,HIGH
RESTRICTED_AREA_CHANGE,0.563,0.68,0,1.654,moved,restricted,79,HIGH
AISLE_PATH_BLOCK,0.748,4.633,1,0.112,moved,aisle,88,HIGH
AISLE_PATH_BLOCK,0.381,5.586,1,0.07,moved,aisle,86,HIGH
WORK_AREA_NEAR_PATH,0.655,1.858,0,0.366,added,work,51,MEDIUM
LARGE_OBJECT_NEAR_PATH,0.948,1.638,0,0.191,added,aisle,72,HIGH
SAFE_MINOR_CHANGE,0.112,3.759,0,1.527,added,safe,2,LOW
LARGE_OBJECT_NEAR_PATH,0.704,7.64,0,0.294,added,aisle,56,MEDIUM
STORAGE_NORMAL_CHANGE,0.308,4.235,0,3.322,added,storage,12,LOW
WORK_AREA_NEAR_PATH,0.633,3.398,0,0.368,added,work,42,MEDIUM
WORK_AREA_CHANGE,0.373,7.393,0,1.812,added,work,43,MEDIUM
LARGE_OBJECT_NEAR_PATH,0.939,0.592,0,0.305,added,aisle,58,MEDIUM
LARGE_PATH_BLOCK,0.95,6.607,1,0.034,added,aisle,100,HIGH
STORAGE_NORMAL_CHANGE,0.25,0.973,0,4.875,added,storage,11,LOW
LARGE_PATH_BLOCK,0.779,1.147,1,0.085,added,aisle,86,HIGH
LARGE_OBJECT_NEAR_PATH,0.63,6.508,0,0.163,added,aisle,58,MEDIUM
RESTRICTED_AREA_CHANGE,0.735,5.323,0,1.532,moved,restricted,77,HIGH
AISLE_NEAR_PATH,0.43,5.952,0,0.538,moved,aisle,61,MEDIUM
WORK_AREA_NEAR_PATH,0.469,1.881,0,0.422,moved,work,38,MEDIUM
RESTRICTED_AREA_CHANGE,0.153,7.2,0,1.989,added,restricted,74,HIGH
LARGE_PATH_BLOCK,0.94,0.513,1,0.049,added,aisle,98,HIGH
WORK_AREA_NEAR_PATH,0.407,4.026,0,0.31,added,work,46,MEDIUM
LARGE_PATH_BLOCK,0.711,2.406,1,0.07,added,aisle,94,HIGH
AISLE_PATH_BLOCK,0.434,4.483,1,0.057,moved,aisle,85,HIGH
WORK_AREA_NEAR_PATH,0.558,3.178,0,0.619,added,work,41,MEDIUM
AISLE_NEAR_PATH,0.156,5.058,0,0.554,moved,aisle,59,MEDIUM
STORAGE_NORMAL_CHANGE,0.397,6.494,0,3.41,moved,storage,22,LOW
AISLE_NEAR_PATH,0.442,6.505,0,0.477,added,aisle,60,MEDIUM
AISLE_NEAR_PATH,0.364,1.707,0,0.302,moved,aisle,62,MEDIUM
AISLE_PATH_BLOCK,0.884,4.87,1,0.064,moved,aisle,86,HIGH
LARGE_OBJECT_NEAR_PATH,0.987,7.848,0,0.195,added,aisle,55,MEDIUM
LARGE_PATH_BLOCK,0.986,3.817,1,0.052,added,aisle,85,HIGH
LARGE_OBJECT_NEAR_PATH,0.658,7.066,0,0.23,added,aisle,72,HIGH
WORK_AREA_NEAR_PATH,0.683,7.01,0,0.325,moved,work,54,MEDIUM
LARGE_OBJECT_NEAR_PATH,0.821,7.9,0,0.493,added,aisle,55,MEDIUM
AISLE_PATH_BLOCK,0.665,5.372,1,0.12,moved,aisle,89,HIGH
SAFE_MINOR_CHANGE,0.134,2.872,0,4.15,added,safe,8,LOW
LARGE_PATH_BLOCK,0.761,3.183,1,0.083,added,aisle,88,HIGH
LARGE_PATH_BLOCK,0.766,7.614,1,0.012,added,aisle,88,HIGH
WORK_AREA_CHANGE,0.462,4.398,0,1.052,added,work,21,LOW
STORAGE_NORMAL_CHANGE,0.228,6.103,0,2.486,added,storage,8,LOW
LARGE_PATH_BLOCK,0.729,0.645,1,0.008,added,aisle,99,HIGH
AISLE_NEAR_PATH,0.679,4.622,0,0.479,added,aisle,55,MEDIUM
WORK_AREA_NEAR_PATH,0.565,6.514,0,0.664,moved,work,47,MEDIUM
STORAGE_NORMAL_CHANGE,0.494,1.629,0,1.354,removed,storage,19,LOW
RESTRICTED_AREA_CHANGE,0.491,6.01,0,2.998,moved,restricted,75,HIGH
STORAGE_NORMAL_CHANGE,0.135,3.081,0,1.387,moved,storage,24,LOW
RESTRICTED_AREA_CHANGE,0.559,5.105,0,2.694,added,restricted,61,MEDIUM
SAFE_MINOR_CHANGE,0.052,5.421,0,2.156,added,safe,11,LOW
AISLE_PATH_BLOCK,0.341,6.238,1,0.118,added,aisle,89,HIGH
WORK_AREA_CHANGE,0.222,6.908,0,0.552,added,work,38,MEDIUM
WORK_AREA_CHANGE,0.195,5.29,0,1.443,added,work,30,LOW
WORK_AREA_CHANGE,0.149,0.822,0,1.582,moved,work,39,MEDIUM
LARGE_OBJECT_NEAR_PATH,0.798,5.138,0,0.24,added,aisle,70,MEDIUM
AISLE_NEAR_PATH,0.18,6.573,0,0.588,added,aisle,43,MEDIUM
SAFE_MINOR_CHANGE,0.088,5.013,0,4.742,moved,safe,7,LOW
AISLE_NEAR_PATH,0.654,4.178,0,0.676,moved,aisle,62,MEDIUM
WORK_AREA_CHANGE,0.244,5.594,0,0.581,moved,work,44,MEDIUM
STORAGE_NORMAL_CHANGE,0.306,2.674,0,3.217,added,storage,18,LOW
WORK_AREA_NEAR_PATH,0.236,0.773,0,0.394,moved,work,51,MEDIUM
SAFE_MINOR_CHANGE,0.028,5.943,0,1.338,moved,safe,14,LOW
AISLE_NEAR_PATH,0.583,7.317,0,0.476,added,aisle,47,MEDIUM
WORK_AREA_CHANGE,0.508,3.375,0,1.659,moved,work,40,MEDIUM
SAFE_MINOR_CHANGE,0.071,7.821,0,2.599,added,safe,10,LOW
AISLE_PATH_BLOCK,0.556,3.579,1,0.08,moved,aisle,76,HIGH
SAFE_MINOR_CHANGE,0.017,5.392,0,4.293,added,safe,2,LOW
WORK_AREA_CHANGE,0.424,4.126,0,1.159,added,work,22,LOW
WORK_AREA_NEAR_PATH,0.476,6.769,0,0.304,moved,work,48,MEDIUM
STORAGE_NORMAL_CHANGE,0.463,6.882,0,4.394,added,storage,9,LOW
STORAGE_NORMAL_CHANGE,0.433,3.847,0,1.911,added,storage,20,LOW
LARGE_PATH_BLOCK,0.898,5.095,1,0.052,added,aisle,87,HIGH
WORK_AREA_NEAR_PATH,0.24,2.927,0,0.281,added,work,35,MEDIUM
AISLE_PATH_BLOCK,0.382,2.285,1,0.04,added,aisle,78,HIGH
LARGE_PATH_BLOCK,0.943,5.385,1,0.077,added,aisle,88,HIGH
WORK_AREA_CHANGE,0.199,6.957,0,1.735,moved,work,43,MEDIUM
RESTRICTED_AREA_CHANGE,0.344,4.741,0,1.249,moved,restricted,84,HIGH
LARGE_PATH_BLOCK,0.918,4.319,1,0.004,added,aisle,86,HIGH
STORAGE_NORMAL_CHANGE,0.232,6.567,0,4.898,added,storage,6,LOW
LARGE_PATH_BLOCK,0.754,5.167,1,0.066,added,aisle,89,HIGH
LARGE_PATH_BLOCK,0.777,2.269,1,0.057,added,aisle,92,HIGH
WORK_AREA_NEAR_PATH,0.533,6.993,0,0.228,added,work,44,MEDIUM
SAFE_MINOR_CHANGE,0.128,7.497,0,4.923,moved,safe,1,LOW
WORK_AREA_NEAR_PATH,0.676,2.854,0,0.417,moved,work,54,MEDIUM
WORK_AREA_NEAR_PATH,0.519,4.362,0,0.618,added,work,46,MEDIUM
AISLE_NEAR_PATH,0.669,2.058,0,0.526,added,aisle,43,MEDIUM
AISLE_NEAR_PATH,0.271,4.083,0,0.631,moved,aisle,53,MEDIUM
SAFE_MINOR_CHANGE,0.172,2.255,0,1.233,moved,safe,4,LOW
WORK_AREA_CHANGE,0.421,6.427,0,1.437,moved,work,33,MEDIUM
WORK_AREA_CHANGE,0.476,6.701,0,1.318,added,work,36,MEDIUM
LARGE_PATH_BLOCK,0.811,5.044,1,0.08,added,aisle,86,HIGH
AISLE_PATH_BLOCK,0.605,4.377,1,0.001,moved,aisle,88,HIGH
RESTRICTED_AREA_CHANGE,0.338,4.076,0,1.014,added,restricted,63,MEDIUM
AISLE_NEAR_PATH,0.365,6.477,0,0.581,added,aisle,49,MEDIUM
LARGE_OBJECT_NEAR_PATH,0.961,4.99,0,0.335,added,aisle,55,MEDIUM
RESTRICTED_AREA_CHANGE,0.154,4.831,0,0.64,moved,restricted,81,HIGH
LARGE_PATH_BLOCK,0.726,3.304,1,0.074,added,aisle,96,HIGH
AISLE_PATH_BLOCK,0.574,5.666,1,0.09,added,aisle,93,HIGH
WORK_AREA_NEAR_PATH,0.421,6.151,0,0.224,moved,work,59,MEDIUM
LARGE_OBJECT_NEAR_PATH,0.916,3.651,0,0.328,added,aisle,70,MEDIUM
LARGE_PATH_BLOCK,0.727,1.45,1,0.016,added,aisle,88,HIGH
WORK_AREA_CHANGE,0.356,6.556,0,1.033,moved,work,30,LOW
WORK_AREA_CHANGE,0.514,5.296,0,1.603,added,work,38,MEDIUM
AISLE_NEAR_PATH,0.406,2.062,0,0.597,added,aisle,63,MEDIUM
LARGE_OBJECT_NEAR_PATH,0.717,3.971,0,0.397,added,aisle,57,MEDIUM
LARGE_PATH_BLOCK,0.919,7.911,1,0.048,added,aisle,85,HIGH
SAFE_MINOR_CHANGE,0.085,2.893,0,3.435,moved,safe,9,LOW
WORK_AREA_CHANGE,0.503,2.355,0,1.334,moved,work,27,LOW
AISLE_PATH_BLOCK,0.634,0.546,1,0.003,moved,aisle,91,HIGH
AISLE_NEAR_PATH,0.631,3.219,0,0.243,added,aisle,50,MEDIUM
STORAGE_NORMAL_CHANGE,0.303,3.39,0,2.083,added,storage,15,LOW
RESTRICTED_AREA_CHANGE,0.546,1.625,0,1.717,moved,restricted,60,MEDIUM
RESTRICTED_AREA_CHANGE,0.777,5.645,0,0.543,added,restricted,78,HIGH
LARGE_OBJECT_NEAR_PATH,0.761,2.993,0,0.455,added,aisle,61,MEDIUM
AISLE_NEAR_PATH,0.158,1.667,0,0.424,added,aisle,48,MEDIUM
LARGE_OBJECT_NEAR_PATH,0.987,3.009,0,0.462,added,aisle,65,MEDIUM
STORAGE_NORMAL_CHANGE,0.343,7.036,0,3.537,moved,storage,14,LOW
WORK_AREA_NEAR_PATH,0.658,4.389,0,0.327,moved,work,56,MEDIUM
AISLE_PATH_BLOCK,0.543,6.996,1,0.106,added,aisle,76,HIGH
WORK_AREA_CHANGE,0.326,3.518,0,1.651,moved,work,43,MEDIUM
AISLE_PATH_BLOCK,0.54,6.751,1,0.105,moved,aisle,75,HIGH
RESTRICTED_AREA_CHANGE,0.181,7.669,0,2.484,added,restricted,81,HIGH
LARGE_OBJECT_NEAR_PATH,0.715,5.309,0,0.404,added,aisle,57,MEDIUM
AISLE_PATH_BLOCK,0.502,7.382,1,0.06,added,aisle,93,HIGH
LARGE_OBJECT_NEAR_PATH,0.825,3.058,0,0.35,added,aisle,60,MEDIUM
LARGE_OBJECT_NEAR_PATH,0.898,7.616,0,0.493,added,aisle,72,HIGH
WORK_AREA_NEAR_PATH,0.648,1.672,0,0.65,moved,work,40,MEDIUM
AISLE_NEAR_PATH,0.564,7.52,0,0.214,added,aisle,64,MEDIUM
SAFE_MINOR_CHANGE,0.031,5.151,0,1.967,added,safe,9,LOW
SAFE_MINOR_CHANGE,0.151,4.931,0,3.614,added,safe,4,LOW
RESTRICTED_AREA_CHANGE,0.232,3.828,0,1.738,moved,restricted,79,HIGH
LARGE_PATH_BLOCK,0.969,6.426,1,0.02,added,aisle,86,HIGH
AISLE_PATH_BLOCK,0.56,5.6,1,0.017,added,aisle,91,HIGH
AISLE_PATH_BLOCK,0.337,4.551,1,0.082,moved,aisle,90,HIGH
WORK_AREA_NEAR_PATH,0.44,2.448,0,0.283,added,work,41,MEDIUM
WORK_AREA_CHANGE,0.299,4.039,0,1.373,added,work,33,MEDIUM
SAFE_MINOR_CHANGE,0.021,2.605,0,2.337,added,safe,2,LOW
STORAGE_NORMAL_CHANGE,0.351,3.326,0,3.475,added,storage,5,LOW
RESTRICTED_AREA_CHANGE,0.738,7.797,0,2.992,moved,restricted,77,HIGH
LARGE_PATH_BLOCK,0.909,5.454,1,0.077,added,aisle,90,HIGH
AISLE_NEAR_PATH,0.608,0.705,0,0.226,moved,aisle,60,MEDIUM
AISLE_PATH_BLOCK,0.399,1.347,1,0.041,added,aisle,86,HIGH
STORAGE_NORMAL_CHANGE,0.471,0.946,0,1.861,moved,storage,17,LOW
WORK_AREA_CHANGE,0.26,2.705,0,1.315,added,work,32,MEDIUM
STORAGE_NORMAL_CHANGE,0.298,5.788,0,1.28,moved,storage,15,LOW
AISLE_NEAR_PATH,0.171,2.481,0,0.181,moved,aisle,57,MEDIUM
LARGE_PATH_BLOCK,0.99,1.809,1,0.003,added,aisle,97,HIGH
LARGE_PATH_BLOCK,0.914,0.976,1,0.022,added,aisle,86,HIGH
SAFE_MINOR_CHANGE,0.093,4.072,0,4.979,moved,safe,10,LOW
STORAGE_NORMAL_CHANGE,0.263,7.9,0,1.375,moved,storage,13,LOW
STORAGE_NORMAL_CHANGE,0.259,7.569,0,3.937,added,storage,9,LOW
RESTRICTED_AREA_CHANGE,0.776,5.898,0,2.128,added,restricted,69,MEDIUM
AISLE_NEAR_PATH,0.695,7.546,0,0.219,moved,aisle,50,MEDIUM
WORK_AREA_NEAR_PATH,0.528,0.89,0,0.641,added,work,52,MEDIUM
SAFE_MINOR_CHANGE,0.049,2.766,0,2.577,added,safe,6,LOW
AISLE_NEAR_PATH,0.26,1.342,0,0.582,moved,aisle,54,MEDIUM
AISLE_PATH_BLOCK,0.479,7.909,1,0.099,moved,aisle,83,HIGH
RESTRICTED_AREA_CHANGE,0.729,6.078,0,1.197,moved,restricted,73,HIGH
WORK_AREA_NEAR_PATH,0.347,7.651,0,0.367,added,work,55,MEDIUM
LARGE_OBJECT_NEAR_PATH,0.873,6.205,0,0.253,added,aisle,56,MEDIUM
WORK_AREA_NEAR_PATH,0.41,1.811,0,0.166,moved,work,45,MEDIUM
WORK_AREA_NEAR_PATH,0.566,6.297,0,0.187,moved,work,39,MEDIUM
LARGE_PATH_BLOCK,0.733,5.821,1,0.084,added,aisle,86,HIGH
STORAGE_NORMAL_CHANGE,0.298,1.086,0,4.399,added,storage,17,LOW
WORK_AREA_NEAR_PATH,0.294,4.094,0,0.613,moved,work,54,MEDIUM
AISLE_PATH_BLOCK,0.462,5.491,1,0.06,moved,aisle,83,HIGH
WORK_AREA_CHANGE,0.426,7.393,0,0.651,moved,work,28,LOW
LARGE_PATH_BLOCK,0.917,1.231,1,0.091,added,aisle,89,HIGH
LARGE_OBJECT_NEAR_PATH,0.656,3.027,0,0.232,added,aisle,58,MEDIUM
WORK_AREA_CHANGE,0.257,1.56,0,0.9,moved,work,42,MEDIUM
LARGE_PATH_BLOCK,0.89,1.403,1,0.065,added,aisle,91,HIGH
LARGE_OBJECT_NEAR_PATH,0.822,1.686,0,0.293,added,aisle,61,MEDIUM
RESTRICTED_AREA_CHANGE,0.113,3.252,0,0.998,moved,restricted,82,HIGH
SAFE_MINOR_CHANGE,0.033,1.506,0,2.112,added,safe,4,LOW
RESTRICTED_AREA_CHANGE,0.549,4.761,0,1.211,added,restricted,63,MEDIUM
SAFE_MINOR_CHANGE,0.09,4.641,0,3.003,added,safe,10,LOW
AISLE_PATH_BLOCK,0.403,7.559,1,0.133,moved,aisle,82,HIGH
AISLE_PATH_BLOCK,0.677,7.578,1,0.12,moved,aisle,83,HIGH
RESTRICTED_AREA_CHANGE,0.568,3.297,0,0.46,added,restricted,84,HIGH
LARGE_PATH_BLOCK,0.737,5.348,1,0.035,added,aisle,88,HIGH
WORK_AREA_CHANGE,0.264,6.662,0,1.538,moved,work,34,MEDIUM
WORK_AREA_NEAR_PATH,0.201,7.647,0,0.161,moved,work,45,MEDIUM
AISLE_NEAR_PATH,0.394,3.084,0,0.564,added,aisle,54,MEDIUM
RESTRICTED_AREA_CHANGE,0.2,4.633,0,1.441,added,restricted,85,HIGH
STORAGE_NORMAL_CHANGE,0.344,5.546,0,2.739,removed,storage,9,LOW
LARGE_PATH_BLOCK,0.923,4.018,1,0.005,added,aisle,98,HIGH
STORAGE_NORMAL_CHANGE,0.21,3.893,0,2.665,added,storage,8,LOW
AISLE_PATH_BLOCK,0.338,7.54,1,0.13,moved,aisle,79,HIGH
LARGE_OBJECT_NEAR_PATH,0.957,1.497,0,0.457,added,aisle,57,MEDIUM
AISLE_NEAR_PATH,0.241,4.835,0,0.565,added,aisle,49,MEDIUM
LARGE_PATH_BLOCK,0.901,6.831,1,0.044,added,aisle,100,HIGH
SAFE_MINOR_CHANGE,0.199,4.885,0,1.508,moved,safe,14,LOW
RESTRICTED_AREA_CHANGE,0.459,4.404,0,1.85,moved,restricted,83,HIGH
RESTRICTED_AREA_CHANGE,0.404,6.345,0,1.45,added,restricted,66,MEDIUM
SAFE_MINOR_CHANGE,0.088,2.132,0,3.353,moved,safe,5,LOW
SAFE_MINOR_CHANGE,0.028,5.959,0,4.907,added,safe,5,LOW
STORAGE_NORMAL_CHANGE,0.477,6.174,0,2.887,added,storage,15,LOW
LARGE_OBJECT_NEAR_PATH,0.854,3.524,0,0.204,added,aisle,73,HIGH
AISLE_PATH_BLOCK,0.519,5.055,1,0.046,added,aisle,76,HIGH
LARGE_OBJECT_NEAR_PATH,1.0,2.77,0,0.159,added,aisle,55,MEDIUM
AISLE_PATH_BLOCK,0.77,5.798,1,0.113,added,aisle,80,HIGH
SAFE_MINOR_CHANGE,0.011,3.021,0,4.19,added,safe,13,LOW
AISLE_PATH_BLOCK,0.346,6.296,1,0.099,moved,aisle,88,HIGH
SAFE_MINOR_CHANGE,0.135,2.769,0,4.79,moved,safe,5,LOW
STORAGE_NORMAL_CHANGE,0.156,0.868,0,1.614,removed,storage,6,LOW
AISLE_NEAR_PATH,0.157,5.242,0,0.699,moved,aisle,47,MEDIUM
WORK_AREA_CHANGE,0.218,4.457,0,0.601,moved,work,44,MEDIUM
WORK_AREA_NEAR_PATH,0.348,5.441,0,0.458,added,work,42,MEDIUM
LARGE_OBJECT_NEAR_PATH,0.724,7.811,0,0.235,added,aisle,74,HIGH
WORK_AREA_CHANGE,0.173,2.2,0,1.323,moved,work,25,LOW
AISLE_NEAR_PATH,0.614,1.136,0,0.682,moved,aisle,55,MEDIUM
AISLE_PATH_BLOCK,0.86,1.96,1,0.11,moved,aisle,82,HIGH
WORK_AREA_NEAR_PATH,0.519,2.367,0,0.161,moved,work,45,MEDIUM
SAFE_MINOR_CHANGE,0.089,2.912,0,3.995,moved,safe,12,LOW
LARGE_OBJECT_NEAR_PATH,0.757,1.221,0,0.243,added,aisle,63,MEDIUM
WORK_AREA_NEAR_PATH,0.562,1.964,0,0.643,added,work,35,MEDIUM
AISLE_NEAR_PATH,0.317,2.997,0,0.519,added,aisle,43,MEDIUM
LARGE_OBJECT_NEAR_PATH,0.942,6.371,0,0.45,added,aisle,63,MEDIUM
STORAGE_NORMAL_CHANGE,0.161,6.024,0,3.712,added,storage,15,LOW
RESTRICTED_AREA_CHANGE,0.582,7.821,0,0.847,added,restricted,70,MEDIUM
AISLE_NEAR_PATH,0.216,1.662,0,0.241,added,aisle,52,MEDIUM
RESTRICTED_AREA_CHANGE,0.193,4.916,0,2.194,moved,restricted,66,MEDIUM
SAFE_MINOR_CHANGE,0.139,0.722,0,2.605,moved,safe,14,LOW
SAFE_MINOR_CHANGE,0.038,6.685,0,2.241,moved,safe,2,LOW
RESTRICTED_AREA_CHANGE,0.423,1.752,0,0.811,added,restricted,65,MEDIUM
LARGE_OBJECT_NEAR_PATH,0.606,6.959,0,0.367,added,aisle,56,MEDIUM
AISLE_NEAR_PATH,0.604,7.976,0,0.204,moved,aisle,42,MEDIUM
WORK_AREA_CHANGE,0.387,1.875,0,1.204,added,work,36,MEDIUM
AISLE_NEAR_PATH,0.349,4.619,0,0.434,moved,aisle,63,MEDIUM
WORK_AREA_NEAR_PATH,0.435,0.712,0,0.522,added,work,43,MEDIUM
SAFE_MINOR_CHANGE,0.028,6.843,0,3.467,added,safe,8,LOW
AISLE_PATH_BLOCK,0.837,2.871,1,0.005,added,aisle,81,HIGH
WORK_AREA_NEAR_PATH,0.668,6.486,0,0.462,moved,work,38,MEDIUM
AISLE_NEAR_PATH,0.394,2.372,0,0.386,added,aisle,57,MEDIUM
WORK_AREA_NEAR_PATH,0.638,1.726,0,0.354,moved,work,36,MEDIUM
LARGE_OBJECT_NEAR_PATH,0.633,2.556,0,0.497,added,aisle,65,MEDIUM
LARGE_PATH_BLOCK,0.775,5.054,1,0.094,added,aisle,88,HIGH
AISLE_PATH_BLOCK,0.806,7.46,1,0.051,moved,aisle,88,HIGH
AISLE_NEAR_PATH,0.319,5.063,0,0.333,moved,aisle,51,MEDIUM
WORK_AREA_CHANGE,0.351,5.539,0,1.693,added,work,35,MEDIUM
LARGE_OBJECT_NEAR_PATH,0.613,4.808,0,0.345,added,aisle,65,MEDIUM
STORAGE_NORMAL_CHANGE,0.435,5.233,0,2.391,moved,storage,18,LOW
RESTRICTED_AREA_CHANGE,0.453,4.59,0,2.286,added,restricted,76,HIGH
LARGE_OBJECT_NEAR_PATH,0.679,6.395,0,0.397,added,aisle,72,HIGH
LARGE_OBJECT_NEAR_PATH,0.962,1.139,0,0.264,added,aisle,64,MEDIUM
SAFE_MINOR_CHANGE,0.036,5.402,0,2.795,moved,safe,6,LOW
STORAGE_NORMAL_CHANGE,0.212,0.582,0,3.381,added,storage,25,LOW
LARGE_OBJECT_NEAR_PATH,0.919,7.139,0,0.295,added,aisle,73,HIGH
WORK_AREA_CHANGE,0.142,6.308,0,1.385,moved,work,22,LOW
SAFE_MINOR_CHANGE,0.167,2.715,0,2.834,added,safe,7,LOW
LARGE_OBJECT_NEAR_PATH,0.759,6.514,0,0.478,added,aisle,70,MEDIUM
AISLE_NEAR_PATH,0.534,3.384,0,0.328,moved,aisle,58,MEDIUM
WORK_AREA_CHANGE,0.476,6.448,0,1.43,added,work,27,LOW
WORK_AREA_CHANGE,0.242,3.637,0,0.987,moved,work,40,MEDIUM
WORK_AREA_NEAR_PATH,0.329,6.648,0,0.152,added,work,51,MEDIUM
AISLE_PATH_BLOCK,0.365,4.091,1,0.039,moved,aisle,83,HIGH
STORAGE_NORMAL_CHANGE,0.169,0.797,0,1.433,removed,storage,10,LOW
AISLE_NEAR_PATH,0.539,4.617,0,0.548,moved,aisle,42,MEDIUM
AISLE_NEAR_PATH,0.394,2.838,0,0.503,added,aisle,55,MEDIUM
RESTRICTED_AREA_CHANGE,0.457,6.863,0,0.536,added,restricted,61,MEDIUM
WORK_AREA_CHANGE,0.364,3.315,0,1.955,added,work,24,LOW
AISLE_PATH_BLOCK,0.663,1.024,1,0.042,added,aisle,84,HIGH
SAFE_MINOR_CHANGE,0.01,1.341,0,4.451,added,safe,0,NORMAL
LARGE_OBJECT_NEAR_PATH,0.736,4.459,0,0.384,added,aisle,63,MEDIUM
RESTRICTED_AREA_CHANGE,0.474,4.355,0,2.604,added,restricted,75,HIGH
AISLE_NEAR_PATH,0.28,4.255,0,0.447,moved,aisle,54,MEDIUM
AISLE_NEAR_PATH,0.218,2.989,0,0.544,moved,aisle,56,MEDIUM
LARGE_OBJECT_NEAR_PATH,0.709,4.249,0,0.265,added,aisle,64,MEDIUM
AISLE_PATH_BLOCK,0.898,6.313,1,0.117,added,aisle,83,HIGH
LARGE_PATH_BLOCK,0.863,4.735,1,0.036,added,aisle,89,HIGH
AISLE_PATH_BLOCK,0.615,6.471,1,0.101,moved,aisle,77,HIGH
STORAGE_NORMAL_CHANGE,0.491,0.818,0,2.78,removed,storage,16,LOW
AISLE_NEAR_PATH,0.436,7.304,0,0.513,moved,aisle,50,MEDIUM
WORK_AREA_NEAR_PATH,0.506,7.894,0,0.51,moved,work,58,MEDIUM
LARGE_OBJECT_NEAR_PATH,0.886,2.5,0,0.345,added,aisle,63,MEDIUM
LARGE_OBJECT_NEAR_PATH,0.964,6.785,0,0.434,added,aisle,72,HIGH
AISLE_PATH_BLOCK,0.314,2.782,1,0.132,added,aisle,89,HIGH
WORK_AREA_CHANGE,0.416,6.18,0,1.742,moved,work,38,MEDIUM
AISLE_NEAR_PATH,0.514,1.365,0,0.311,added,aisle,46,MEDIUM
STORAGE_NORMAL_CHANGE,0.224,1.977,0,2.048,added,storage,18,LOW
SAFE_MINOR_CHANGE,0.193,6.365,0,4.467,added,safe,1,LOW
RESTRICTED_AREA_CHANGE,0.769,7.013,0,1.085,moved,restricted,85,HIGH
STORAGE_NORMAL_CHANGE,0.369,1.814,0,2.431,removed,storage,15,LOW
AISLE_NEAR_PATH,0.329,4.921,0,0.4,added,aisle,47,MEDIUM
WORK_AREA_CHANGE,0.13,4.923,0,1.526,added,work,35,MEDIUM
WORK_AREA_NEAR_PATH,0.321,4.564,0,0.513,moved,work,60,MEDIUM
AISLE_NEAR_PATH,0.512,3.387,0,0.152,added,aisle,57,MEDIUM
LARGE_PATH_BLOCK,0.808,6.196,1,0.026,added,aisle,91,HIGH
SAFE_MINOR_CHANGE,0.095,3.358,0,2.206,moved,safe,10,LOW
SAFE_MINOR_CHANGE,0.017,3.295,0,1.195,added,safe,1,LOW
LARGE_OBJECT_NEAR_PATH,0.861,2.602,0,0.358,added,aisle,67,MEDIUM
WORK_AREA_CHANGE,0.539,3.025,0,1.519,moved,work,39,MEDIUM
AISLE_NEAR_PATH,0.167,5.159,0,0.495,moved,aisle,41,MEDIUM
STORAGE_NORMAL_CHANGE,0.199,7.091,0,2.492,removed,storage,16,LOW
WORK_AREA_NEAR_PATH,0.299,2.193,0,0.511,added,work,43,MEDIUM
AISLE_PATH_BLOCK,0.5,1.201,1,0.042,added,aisle,92,HIGH
LARGE_PATH_BLOCK,0.855,2.191,1,0.013,added,aisle,86,HIGH
RESTRICTED_AREA_CHANGE,0.689,6.059,0,1.955,moved,restricted,61,MEDIUM
STORAGE_NORMAL_CHANGE,0.371,3.855,0,2.384,added,storage,14,LOW
LARGE_PATH_BLOCK,0.847,4.793,1,0.1,added,aisle,88,HIGH
LARGE_OBJECT_NEAR_PATH,0.923,2.55,0,0.151,added,aisle,60,MEDIUM
LARGE_PATH_BLOCK,0.827,4.873,1,0.099,added,aisle,98,HIGH
WORK_AREA_CHANGE,0.427,7.967,0,0.524,moved,work,34,MEDIUM
AISLE_NEAR_PATH,0.523,5.874,0,0.438,moved,aisle,60,MEDIUM
LARGE_OBJECT_NEAR_PATH,0.883,7.292,0,0.347,added,aisle,68,MEDIUM
STORAGE_NORMAL_CHANGE,0.211,2.486,0,3.442,moved,storage,9,LOW
STORAGE_NORMAL_CHANGE,0.135,2.645,0,4.857,added,storage,6,LOW
STORAGE_NORMAL_CHANGE,0.374,0.941,0,3.391,added,storage,22,LOW
AISLE_PATH_BLOCK,0.415,5.299,1,0.012,moved,aisle,87,HIGH
LARGE_OBJECT_NEAR_PATH,0.716,0.735,0,0.446,added,aisle,63,MEDIUM
WORK_AREA_NEAR_PATH,0.305,2.192,0,0.579,added,work,42,MEDIUM
LARGE_PATH_BLOCK,0.729,1.642,1,0.045,added,aisle,85,HIGH
RESTRICTED_AREA_CHANGE,0.763,8.0,0,2.358,added,restricted,62,MEDIUM
STORAGE_NORMAL_CHANGE,0.127,7.177,0,2.88,removed,storage,14,LOW
SAFE_MINOR_CHANGE,0.103,7.198,0,1.576,moved,safe,14,LOW
WORK_AREA_CHANGE,0.424,4.355,0,0.89,moved,work,23,LOW
STORAGE_NORMAL_CHANGE,0.138,5.596,0,1.856,removed,storage,7,LOW
WORK_AREA_CHANGE,0.182,4.725,0,1.052,moved,work,36,MEDIUM
AISLE_PATH_BLOCK,0.766,6.991,1,0.037,moved,aisle,77,HIGH
WORK_AREA_NEAR_PATH,0.508,7.177,0,0.481,moved,work,53,MEDIUM
AISLE_PATH_BLOCK,0.492,1.813,1,0.028,added,aisle,93,HIGH
AISLE_PATH_BLOCK,0.545,3.672,1,0.075,added,aisle,86,HIGH
AISLE_PATH_BLOCK,0.332,5.925,1,0.067,added,aisle,78,HIGH
LARGE_OBJECT_NEAR_PATH,0.632,0.669,0,0.19,added,aisle,71,HIGH
RESTRICTED_AREA_CHANGE,0.208,1.048,0,1.356,added,restricted,61,MEDIUM
WORK_AREA_NEAR_PATH,0.248,3.899,0,0.337,added,work,39,MEDIUM
RESTRICTED_AREA_CHANGE,0.702,7.388,0,0.357,moved,restricted,66,MEDIUM
STORAGE_NORMAL_CHANGE,0.305,4.632,0,4.314,moved,storage,19,LOW
LARGE_OBJECT_NEAR_PATH,0.621,7.8,0,0.396,added,aisle,72,HIGH
WORK_AREA_NEAR_PATH,0.499,3.618,0,0.474,added,work,36,MEDIUM
WORK_AREA_NEAR_PATH,0.696,2.266,0,0.648,moved,work,42,MEDIUM
LARGE_OBJECT_NEAR_PATH,0.739,5.969,0,0.173,added,aisle,60,MEDIUM
LARGE_OBJECT_NEAR_PATH,0.735,4.12,0,0.185,added,aisle,59,MEDIUM
SAFE_MINOR_CHANGE,0.16,5.486,0,3.821,added,safe,12,LOW
WORK_AREA_CHANGE,0.528,5.075,0,0.694,moved,work,41,MEDIUM
WORK_AREA_NEAR_PATH,0.506,7.259,0,0.462,added,work,40,MEDIUM
WORK_AREA_CHANGE,0.359,1.249,0,0.746,added,work,23,LOW
LARGE_OBJECT_NEAR_PATH,0.789,3.306,0,0.355,added,aisle,69,MEDIUM
STORAGE_NORMAL_CHANGE,0.49,4.062,0,1.524,added,storage,6,LOW
AISLE_PATH_BLOCK,0.685,0.785,1,0.03,moved,aisle,94,HIGH
STORAGE_NORMAL_CHANGE,0.232,7.425,0,1.984,removed,storage,20,LOW
LARGE_OBJECT_NEAR_PATH,0.939,4.843,0,0.291,added,aisle,58,MEDIUM
STORAGE_NORMAL_CHANGE,0.102,5.147,0,1.488,added,storage,22,LOW
AISLE_PATH_BLOCK,0.72,4.76,1,0.12,moved,aisle,84,HIGH
RESTRICTED_AREA_CHANGE,0.309,2.145,0,2.207,added,restricted,77,HIGH
WORK_AREA_NEAR_PATH,0.603,6.969,0,0.266,moved,work,36,MEDIUM
AISLE_PATH_BLOCK,0.356,6.006,1,0.063,added,aisle,87,HIGH
WORK_AREA_NEAR_PATH,0.456,1.742,0,0.475,added,work,39,MEDIUM
LARGE_OBJECT_NEAR_PATH,0.909,0.805,0,0.48,added,aisle,60,MEDIUM
STORAGE_NORMAL_CHANGE,0.116,2.551,0,2.233,moved,storage,7,LOW
AISLE_NEAR_PATH,0.339,3.233,0,0.697,added,aisle,54,MEDIUM
RESTRICTED_AREA_CHANGE,0.107,3.756,0,0.542,added,restricted,69,MEDIUM
WORK_AREA_NEAR_PATH,0.234,4.055,0,0.612,moved,work,36,MEDIUM
WORK_AREA_NEAR_PATH,0.436,5.854,0,0.699,added,work,44,MEDIUM
AISLE_PATH_BLOCK,0.749,7.721,1,0.057,moved,aisle,82,HIGH
WORK_AREA_CHANGE,0.264,2.918,0,0.511,moved,work,35,MEDIUM
AISLE_PATH_BLOCK,0.697,4.561,1,0.02,moved,aisle,79,HIGH
WORK_AREA_CHANGE,0.38,4.105,0,1.517,added,work,37,MEDIUM
SAFE_MINOR_CHANGE,0.062,1.54,0,2.134,added,safe,10,LOW
WORK_AREA_NEAR_PATH,0.352,1.852,0,0.487,added,work,40,MEDIUM
AISLE_PATH_BLOCK,0.476,4.243,1,0.024,moved,aisle,95,HIGH
STORAGE_NORMAL_CHANGE,0.12,1.281,0,4.999,removed,storage,14,LOW
STORAGE_NORMAL_CHANGE,0.123,5.294,0,4.132,added,storage,9,LOW
SAFE_MINOR_CHANGE,0.041,5.634,0,2.358,added,safe,15,LOW
STORAGE_NORMAL_CHANGE,0.066,1.681,0,1.823,added,storage,25,LOW
AISLE_PATH_BLOCK,0.407,5.949,1,0.14,added,aisle,87,HIGH
AISLE_PATH_BLOCK,0.771,1.716,1,0.147,moved,aisle,81,HIGH
SAFE_MINOR_CHANGE,0.072,3.278,0,2.878,moved,safe,3,LOW
RESTRICTED_AREA_CHANGE,0.604,7.605,0,1.453,added,restricted,78,HIGH
RESTRICTED_AREA_CHANGE,0.771,2.788,0,1.269,moved,restricted,76,HIGH
WORK_AREA_NEAR_PATH,0.318,2.625,0,0.383,moved,work,42,MEDIUM
STORAGE_NORMAL_CHANGE,0.31,6.546,0,1.681,removed,storage,25,LOW
WORK_AREA_NEAR_PATH,0.559,7.359,0,0.542,moved,work,47,MEDIUM
LARGE_OBJECT_NEAR_PATH,0.74,2.333,0,0.244,added,aisle,63,MEDIUM
STORAGE_NORMAL_CHANGE,0.192,4.731,0,3.707,removed,storage,6,LOW
STORAGE_NORMAL_CHANGE,0.444,2.63,0,4.151,moved,storage,13,LOW
WORK_AREA_NEAR_PATH,0.46,6.742,0,0.251,moved,work,36,MEDIUM
SAFE_MINOR_CHANGE,0.135,0.771,0,1.022,added,safe,0,NORMAL
WORK_AREA_NEAR_PATH,0.639,1.415,0,0.213,added,work,42,MEDIUM
LARGE_OBJECT_NEAR_PATH,0.854,7.875,0,0.464,added,aisle,56,MEDIUM
SAFE_MINOR_CHANGE,0.017,3.638,0,2.897,added,safe,3,LOW
WORK_AREA_CHANGE,0.147,6.833,0,0.762,added,work,39,MEDIUM
RESTRICTED_AREA_CHANGE,0.5,0.967,0,1.03,added,restricted,61,MEDIUM
LARGE_PATH_BLOCK,0.949,1.719,1,0.05,added,aisle,95,HIGH
LARGE_PATH_BLOCK,0.967,3.409,1,0.085,added,aisle,90,HIGH
RESTRICTED_AREA_CHANGE,0.283,0.607,0,0.883,added,restricted,79,HIGH
SAFE_MINOR_CHANGE,0.03,7.993,0,3.663,added,safe,10,LOW
WORK_AREA_NEAR_PATH,0.287,1.635,0,0.241,added,work,52,MEDIUM
AISLE_NEAR_PATH,0.524,1.007,0,0.251,moved,aisle,64,MEDIUM
SAFE_MINOR_CHANGE,0.119,1.588,0,4.784,moved,safe,4,LOW
RESTRICTED_AREA_CHANGE,0.558,3.786,0,1.203,moved,restricted,66,MEDIUM
AISLE_PATH_BLOCK,0.703,3.161,1,0.125,added,aisle,85,HIGH
LARGE_PATH_BLOCK,0.99,4.962,1,0.021,added,aisle,98,HIGH
LARGE_PATH_BLOCK,0.934,4.453,1,0.017,added,aisle,90,HIGH
WORK_AREA_CHANGE,0.427,5.825,0,1.574,moved,work,42,MEDIUM
WORK_AREA_NEAR_PATH,0.599,7.315,0,0.552,moved,work,51,MEDIUM
AISLE_PATH_BLOCK,0.779,7.884,1,0.085,moved,aisle,76,HIGH
LARGE_PATH_BLOCK,0.768,6.995,1,0.075,added,aisle,94,HIGH
LARGE_OBJECT_NEAR_PATH,0.78,0.941,0,0.462,added,aisle,64,MEDIUM
LARGE_PATH_BLOCK,0.986,3.437,1,0.084,added,aisle,85,HIGH
WORK_AREA_NEAR_PATH,0.42,6.006,0,0.627,added,work,54,MEDIUM
AISLE_NEAR_PATH,0.61,0.851,0,0.246,moved,aisle,41,MEDIUM
AISLE_NEAR_PATH,0.351,1.688,0,0.528,moved,aisle,46,MEDIUM
WORK_AREA_CHANGE,0.228,4.334,0,1.923,added,work,29,LOW
LARGE_PATH_BLOCK,0.767,4.377,1,0.064,added,aisle,95,HIGH
LARGE_OBJECT_NEAR_PATH,0.996,5.801,0,0.276,added,aisle,75,HIGH
STORAGE_NORMAL_CHANGE,0.349,5.639,0,2.053,removed,storage,13,LOW
WORK_AREA_CHANGE,0.272,4.394,0,0.939,added,work,40,MEDIUM
AISLE_PATH_BLOCK,0.67,5.444,1,0.049,moved,aisle,92,HIGH
AISLE_PATH_BLOCK,0.396,3.442,1,0.015,moved,aisle,94,HIGH
RESTRICTED_AREA_CHANGE,0.39,6.59,0,1.139,moved,restricted,80,HIGH
AISLE_PATH_BLOCK,0.829,1.854,1,0.021,moved,aisle,82,HIGH
AISLE_NEAR_PATH,0.454,5.97,0,0.345,added,aisle,44,MEDIUM
WORK_AREA_CHANGE,0.481,7.421,0,1.875,moved,work,36,MEDIUM
AISLE_PATH_BLOCK,0.875,2.392,1,0.109,added,aisle,79,HIGH
AISLE_NEAR_PATH,0.35,5.933,0,0.497,moved,aisle,44,MEDIUM
RESTRICTED_AREA_CHANGE,0.597,7.115,0,2.045,added,restricted,66,MEDIUM
AISLE_PATH_BLOCK,0.723,2.741,1,0.107,added,aisle,80,HIGH
LARGE_PATH_BLOCK,0.759,5.678,1,0.039,added,aisle,93,HIGH
SAFE_MINOR_CHANGE,0.065,2.434,0,3.344,added,safe,6,LOW
SAFE_MINOR_CHANGE,0.119,3.622,0,1.197,added,safe,5,LOW
AISLE_NEAR_PATH,0.378,5.039,0,0.568,moved,aisle,54,MEDIUM
STORAGE_NORMAL_CHANGE,0.407,6.859,0,4.979,removed,storage,23,LOW
STORAGE_NORMAL_CHANGE,0.422,1.539,0,2.714,added,storage,19,LOW
AISLE_PATH_BLOCK,0.82,3.426,1,0.124,moved,aisle,76,HIGH
LARGE_OBJECT_NEAR_PATH,0.951,2.568,0,0.195,added,aisle,74,HIGH
STORAGE_NORMAL_CHANGE,0.429,3.848,0,4.812,added,storage,18,LOW
LARGE_OBJECT_NEAR_PATH,0.903,3.989,0,0.454,added,aisle,62,MEDIUM
RESTRICTED_AREA_CHANGE,0.329,5.786,0,2.174,added,restricted,66,MEDIUM
LARGE_PATH_BLOCK,0.789,7.972,1,0.023,added,aisle,92,HIGH
LARGE_PATH_BLOCK,0.766,0.986,1,0.012,added,aisle,87,HIGH
RESTRICTED_AREA_CHANGE,0.64,3.259,0,2.008,moved,restricted,73,HIGH
AISLE_NEAR_PATH,0.182,2.777,0,0.382,moved,aisle,44,MEDIUM
SAFE_MINOR_CHANGE,0.02,4.959,0,2.179,added,safe,10,LOW
WORK_AREA_CHANGE,0.382,7.114,0,1.5,moved,work,32,MEDIUM
STORAGE_NORMAL_CHANGE,0.323,5.828,0,3.854,removed,storage,25,LOW
RESTRICTED_AREA_CHANGE,0.334,7.711,0,1.67,added,restricted,81,HIGH
AISLE_PATH_BLOCK,0.418,5.597,1,0.051,moved,aisle,76,HIGH
STORAGE_NORMAL_CHANGE,0.147,6.089,0,1.525,moved,storage,9,LOW
RESTRICTED_AREA_CHANGE,0.533,6.717,0,1.674,added,restricted,69,MEDIUM
LARGE_PATH_BLOCK,0.762,4.845,1,0.063,added,aisle,95,HIGH
WORK_AREA_NEAR_PATH,0.4,4.089,0,0.439,moved,work,55,MEDIUM
STORAGE_NORMAL_CHANGE,0.26,3.44,0,1.964,removed,storage,20,LOW
SAFE_MINOR_CHANGE,0.07,1.086,0,1.119,moved,safe,5,LOW
WORK_AREA_NEAR_PATH,0.303,6.547,0,0.208,added,work,50,MEDIUM
STORAGE_NORMAL_CHANGE,0.424,0.888,0,2.911,added,storage,23,LOW
STORAGE_NORMAL_CHANGE,0.489,1.899,0,2.206,added,storage,5,LOW
LARGE_OBJECT_NEAR_PATH,0.807,2.441,0,0.446,added,aisle,74,HIGH
STORAGE_NORMAL_CHANGE,0.202,5.048,0,3.634,removed,storage,22,LOW
SAFE_MINOR_CHANGE,0.176,2.402,0,3.443,added,safe,8,LOW
STORAGE_NORMAL_CHANGE,0.383,1.063,0,3.919,added,storage,22,LOW
LARGE_PATH_BLOCK,0.722,0.975,1,0.036,added,aisle,92,HIGH
WORK_AREA_CHANGE,0.138,5.031,0,1.98,moved,work,37,MEDIUM
LARGE_OBJECT_NEAR_PATH,0.704,5.486,0,0.447,added,aisle,67,MEDIUM
AISLE_NEAR_PATH,0.444,6.917,0,0.562,added,aisle,47,MEDIUM
LARGE_PATH_BLOCK,0.702,6.927,1,0.086,added,aisle,87,HIGH
SAFE_MINOR_CHANGE,0.142,6.955,0,1.528,moved,safe,9,LOW
AISLE_PATH_BLOCK,0.591,3.297,1,0.083,moved,aisle,95,HIGH
RESTRICTED_AREA_CHANGE,0.25,6.213,0,2.442,moved,restricted,80,HIGH
SAFE_MINOR_CHANGE,0.136,3.548,0,4.256,added,safe,2,LOW
WORK_AREA_NEAR_PATH,0.439,4.204,0,0.621,added,work,55,MEDIUM
AISLE_NEAR_PATH,0.457,1.402,0,0.599,moved,aisle,47,MEDIUM
LARGE_OBJECT_NEAR_PATH,0.882,3.9,0,0.443,added,aisle,56,MEDIUM
LARGE_PATH_BLOCK,0.912,1.165,1,0.099,added,aisle,88,HIGH
WORK_AREA_NEAR_PATH,0.458,4.424,0,0.659,moved,work,51,MEDIUM
WORK_AREA_CHANGE,0.337,1.733,0,1.558,added,work,40,MEDIUM
LARGE_OBJECT_NEAR_PATH,0.624,0.563,0,0.183,added,aisle,62,MEDIUM
RESTRICTED_AREA_CHANGE,0.763,3.599,0,0.961,moved,restricted,72,HIGH
WORK_AREA_CHANGE,0.265,4.032,0,1.22,moved,work,45,MEDIUM
AISLE_NEAR_PATH,0.411,2.13,0,0.185,added,aisle,40,MEDIUM
AISLE_PATH_BLOCK,0.705,1.847,1,0.067,added,aisle,91,HIGH
RESTRICTED_AREA_CHANGE,0.421,2.953,0,0.428,moved,restricted,60,MEDIUM
WORK_AREA_NEAR_PATH,0.354,7.982,0,0.654,added,work,50,MEDIUM
LARGE_PATH_BLOCK,0.815,4.821,1,0.064,added,aisle,93,HIGH
STORAGE_NORMAL_CHANGE,0.253,1.857,0,1.868,added,storage,6,LOW
LARGE_OBJECT_NEAR_PATH,0.737,0.997,0,0.261,added,aisle,69,MEDIUM
SAFE_MINOR_CHANGE,0.054,3.256,0,2.466,moved,safe,5,LOW
LARGE_PATH_BLOCK,0.934,2.37,1,0.082,added,aisle,86,HIGH
WORK_AREA_NEAR_PATH,0.309,7.046,0,0.482,moved,work,39,MEDIUM
WORK_AREA_NEAR_PATH,0.534,4.705,0,0.637,added,work,52,MEDIUM
AISLE_NEAR_PATH,0.399,4.293,0,0.691,moved,aisle,45,MEDIUM
RESTRICTED_AREA_CHANGE,0.762,5.47,0,2.878,added,restricted,64,MEDIUM
LARGE_PATH_BLOCK,0.858,1.608,1,0.092,added,aisle,88,HIGH
STORAGE_NORMAL_CHANGE,0.181,4.47,0,4.531,removed,storage,20,LOW
LARGE_OBJECT_NEAR_PATH,0.886,6.547,0,0.317,added,aisle,56,MEDIUM
LARGE_OBJECT_NEAR_PATH,0.7,3.776,0,0.485,added,aisle,60,MEDIUM
WORK_AREA_CHANGE,0.307,4.44,0,0.977,moved,work,22,LOW
LARGE_PATH_BLOCK,0.993,2.267,1,0.02,added,aisle,98,HIGH
WORK_AREA_CHANGE,0.28,6.371,0,0.809,moved,work,24,LOW
AISLE_PATH_BLOCK,0.46,6.65,1,0.079,moved,aisle,83,HIGH
STORAGE_NORMAL_CHANGE,0.05,2.092,0,4.578,removed,storage,18,LOW
SAFE_MINOR_CHANGE,0.154,7.876,0,2.677,moved,safe,8,LOW
RESTRICTED_AREA_CHANGE,0.7,2.504,0,2.738,moved,restricted,82,HIGH
LARGE_PATH_BLOCK,0.751,1.909,1,0.042,added,aisle,96,HIGH
LARGE_OBJECT_NEAR_PATH,0.924,4.426,0,0.369,added,aisle,58,MEDIUM
WORK_AREA_CHANGE,0.544,4.581,0,1.829,added,work,25,LOW
AISLE_PATH_BLOCK,0.615,0.826,1,0.131,added,aisle,84,HIGH
RESTRICTED_AREA_CHANGE,0.686,5.584,0,1.272,added,restricted,66,MEDIUM
AISLE_NEAR_PATH,0.322,2.943,0,0.528,added,aisle,41,MEDIUM
AISLE_NEAR_PATH,0.291,5.912,0,0.269,moved,aisle,61,MEDIUM
SAFE_MINOR_CHANGE,0.185,0.569,0,1.753,moved,safe,0,NORMAL
AISLE_NEAR_PATH,0.389,1.87,0,0.636,added,aisle,51,MEDIUM
STORAGE_NORMAL_CHANGE,0.399,6.579,0,3.847,added,storage,7,LOW
WORK_AREA_NEAR_PATH,0.306,7.313,0,0.64,added,work,52,MEDIUM
SAFE_MINOR_CHANGE,0.2,1.944,0,1.616,added,safe,6,LOW
WORK_AREA_NEAR_PATH,0.672,5.862,0,0.188,added,work,50,MEDIUM
LARGE_PATH_BLOCK,0.821,3.545,1,0.057,added,aisle,96,HIGH
LARGE_OBJECT_NEAR_PATH,0.859,4.726,0,0.388,added,aisle,62,MEDIUM
STORAGE_NORMAL_CHANGE,0.142,1.202,0,4.552,removed,storage,21,LOW
WORK_AREA_NEAR_PATH,0.461,1.977,0,0.192,moved,work,40,MEDIUM
STORAGE_NORMAL_CHANGE,0.127,1.019,0,3.912,removed,storage,11,LOW
AISLE_NEAR_PATH,0.529,5.326,0,0.605,moved,aisle,62,MEDIUM
LARGE_PATH_BLOCK,0.845,3.753,1,0.02,added,aisle,86,HIGH
LARGE_OBJECT_NEAR_PATH,0.649,4.903,0,0.327,added,aisle,58,MEDIUM
WORK_AREA_CHANGE,0.51,0.741,0,1.09,moved,work,42,MEDIUM
LARGE_OBJECT_NEAR_PATH,0.661,5.676,0,0.314,added,aisle,59,MEDIUM
WORK_AREA_CHANGE,0.53,3.067,0,1.489,added,work,30,LOW
STORAGE_NORMAL_CHANGE,0.435,1.083,0,4.06,added,storage,11,LOW
RESTRICTED_AREA_CHANGE,0.666,6.082,0,2.611,moved,restricted,84,HIGH
AISLE_NEAR_PATH,0.525,2.009,0,0.361,moved,aisle,43,MEDIUM
RESTRICTED_AREA_CHANGE,0.475,7.331,0,0.578,moved,restricted,63,MEDIUM
LARGE_PATH_BLOCK,0.796,5.895,1,0.097,added,aisle,93,HIGH
AISLE_PATH_BLOCK,0.481,7.292,1,0.062,moved,aisle,93,HIGH
LARGE_PATH_BLOCK,0.916,5.834,1,0.02,added,aisle,92,HIGH
SAFE_MINOR_CHANGE,0.098,3.259,0,1.877,moved,safe,3,LOW
STORAGE_NORMAL_CHANGE,0.156,4.612,0,2.705,added,storage,21,LOW
LARGE_OBJECT_NEAR_PATH,0.925,1.708,0,0.223,added,aisle,57,MEDIUM
LARGE_PATH_BLOCK,0.998,6.607,1,0.049,added,aisle,85,HIGH
LARGE_PATH_BLOCK,0.78,5.457,1,0.087,added,aisle,90,HIGH
RESTRICTED_AREA_CHANGE,0.283,6.44,0,0.832,added,restricted,66,MEDIUM
STORAGE_NORMAL_CHANGE,0.463,7.881,0,2.408,moved,storage,18,LOW
STORAGE_NORMAL_CHANGE,0.192,6.305,0,4.059,removed,storage,22,LOW
WORK_AREA_NEAR_PATH,0.539,1.034,0,0.687,added,work,52,MEDIUM
LARGE_OBJECT_NEAR_PATH,0.912,7.975,0,0.335,added,aisle,64,MEDIUM
LARGE_PATH_BLOCK,0.999,7.429,1,0.087,added,aisle,93,HIGH
WORK_AREA_NEAR_PATH,0.336,7.961,0,0.655,added,work,40,MEDIUM
RESTRICTED_AREA_CHANGE,0.371,5.971,0,2.898,moved,restricted,75,HIGH
RESTRICTED_AREA_CHANGE,0.322,2.398,0,2.967,moved,restricted,65,MEDIUM
AISLE_NEAR_PATH,0.406,0.57,0,0.561,moved,aisle,47,MEDIUM
LARGE_OBJECT_NEAR_PATH,0.767,2.014,0,0.484,added,aisle,62,MEDIUM
AISLE_PATH_BLOCK,0.383,3.805,1,0.103,added,aisle,92,HIGH
LARGE_OBJECT_NEAR_PATH,0.788,5.987,0,0.378,added,aisle,58,MEDIUM
STORAGE_NORMAL_CHANGE,0.454,2.4,0,3.821,moved,storage,6,LOW
LARGE_OBJECT_NEAR_PATH,0.801,5.124,0,0.464,added,aisle,61,MEDIUM
LARGE_OBJECT_NEAR_PATH,0.946,1.324,0,0.359,added,aisle,62,MEDIUM
LARGE_PATH_BLOCK,0.965,4.928,1,0.008,added,aisle,87,HIGH
STORAGE_NORMAL_CHANGE,0.239,1.911,0,2.356,removed,storage,19,LOW
STORAGE_NORMAL_CHANGE,0.44,5.809,0,4.32,added,storage,25,LOW
SAFE_MINOR_CHANGE,0.135,3.64,0,4.097,added,safe,10,LOW
AISLE_PATH_BLOCK,0.479,1.086,1,0.005,added,aisle,94,HIGH
AISLE_NEAR_PATH,0.525,6.051,0,0.333,moved,aisle,61,MEDIUM
WORK_AREA_NEAR_PATH,0.307,5.821,0,0.504,added,work,45,MEDIUM
WORK_AREA_NEAR_PATH,0.284,3.098,0,0.586,added,work,41,MEDIUM
WORK_AREA_CHANGE,0.567,3.391,0,1.754,moved,work,21,LOW
AISLE_PATH_BLOCK,0.403,4.181,1,0.108,added,aisle,94,HIGH
STORAGE_NORMAL_CHANGE,0.103,0.949,0,4.339,removed,storage,8,LOW
AISLE_NEAR_PATH,0.243,1.709,0,0.316,added,aisle,43,MEDIUM
AISLE_PATH_BLOCK,0.46,3.286,1,0.063,moved,aisle,90,HIGH
LARGE_PATH_BLOCK,0.921,5.61,1,0.036,added,aisle,100,HIGH
WORK_AREA_NEAR_PATH,0.563,2.628,0,0.189,added,work,52,MEDIUM
AISLE_NEAR_PATH,0.439,6.439,0,0.519,moved,aisle,47,MEDIUM
AISLE_NEAR_PATH,0.19,1.049,0,0.398,moved,aisle,46,MEDIUM
LARGE_PATH_BLOCK,0.981,1.274,1,0.064,added,aisle,87,HIGH
LARGE_PATH_BLOCK,0.703,3.301,1,0.062,added,aisle,85,HIGH
AISLE_PATH_BLOCK,0.869,2.849,1,0.13,moved,aisle,91,HIGH
STORAGE_NORMAL_CHANGE,0.384,2.278,0,4.319,moved,storage,16,LOW
WORK_AREA_NEAR_PATH,0.355,2.024,0,0.325,moved,work,37,MEDIUM
LARGE_OBJECT_NEAR_PATH,0.801,3.739,0,0.341,added,aisle,56,MEDIUM
SAFE_MINOR_CHANGE,0.093,0.662,0,4.305,added,safe,14,LOW
WORK_AREA_NEAR_PATH,0.356,3.5,0,0.223,moved,work,40,MEDIUM
LARGE_PATH_BLOCK,0.713,1.937,1,0.061,added,aisle,97,HIGH
RESTRICTED_AREA_CHANGE,0.761,7.604,0,2.099,added,restricted,82,HIGH
RESTRICTED_AREA_CHANGE,0.178,4.832,0,0.732,added,restricted,73,HIGH
SAFE_MINOR_CHANGE,0.063,5.446,0,3.908,moved,safe,12,LOW
AISLE_NEAR_PATH,0.284,6.032,0,0.634,moved,aisle,61,MEDIUM
SAFE_MINOR_CHANGE,0.184,4.227,0,1.537,added,safe,5,LOW
WORK_AREA_CHANGE,0.579,7.065,0,0.73,added,work,40,MEDIUM
LARGE_PATH_BLOCK,0.782,6.256,1,0.071,added,aisle,89,HIGH
LARGE_OBJECT_NEAR_PATH,0.676,1.874,0,0.306,added,aisle,75,HIGH
WORK_AREA_CHANGE,0.491,3.33,0,0.519,moved,work,33,MEDIUM
LARGE_OBJECT_NEAR_PATH,0.613,6.125,0,0.284,added,aisle,68,MEDIUM
STORAGE_NORMAL_CHANGE,0.129,6.231,0,2.985,moved,storage,24,LOW
LARGE_OBJECT_NEAR_PATH,0.987,3.362,0,0.16,added,aisle,65,MEDIUM
RESTRICTED_AREA_CHANGE,0.189,3.597,0,0.639,added,restricted,85,HIGH
WORK_AREA_CHANGE,0.519,2.801,0,1.643,moved,work,23,LOW
LARGE_OBJECT_NEAR_PATH,0.891,4.211,0,0.391,added,aisle,75,HIGH
WORK_AREA_CHANGE,0.181,2.993,0,0.997,moved,work,31,MEDIUM
SAFE_MINOR_CHANGE,0.138,5.849,0,4.095,added,safe,13,LOW
AISLE_NEAR_PATH,0.262,5.947,0,0.258,added,aisle,47,MEDIUM
AISLE_NEAR_PATH,0.505,1.079,0,0.228,moved,aisle,63,MEDIUM
RESTRICTED_AREA_CHANGE,0.733,4.394,0,1.987,moved,restricted,65,MEDIUM
SAFE_MINOR_CHANGE,0.125,7.008,0,3.412,added,safe,6,LOW
WORK_AREA_CHANGE,0.137,1.326,0,1.538,added,work,36,MEDIUM
RESTRICTED_AREA_CHANGE,0.291,0.964,0,1.317,added,restricted,81,HIGH
LARGE_PATH_BLOCK,0.732,7.651,1,0.091,added,aisle,92,HIGH
WORK_AREA_NEAR_PATH,0.698,2.713,0,0.584,added,work,49,MEDIUM
AISLE_PATH_BLOCK,0.405,5.708,1,0.027,added,aisle,77,HIGH
LARGE_OBJECT_NEAR_PATH,0.772,3.178,0,0.469,added,aisle,67,MEDIUM
AISLE_NEAR_PATH,0.68,2.797,0,0.163,moved,aisle,46,MEDIUM
WORK_AREA_NEAR_PATH,0.204,3.165,0,0.489,moved,work,38,MEDIUM
SAFE_MINOR_CHANGE,0.048,6.531,0,3.862,added,safe,11,LOW
LARGE_PATH_BLOCK,0.873,4.759,1,0.065,added,aisle,99,HIGH
STORAGE_NORMAL_CHANGE,0.343,1.315,0,1.055,moved,storage,10,LOW
WORK_AREA_CHANGE,0.14,6.131,0,0.939,added,work,43,MEDIUM
LARGE_OBJECT_NEAR_PATH,0.863,6.148,0,0.211,added,aisle,73,HIGH
LARGE_OBJECT_NEAR_PATH,0.748,5.819,0,0.293,added,aisle,75,HIGH
LARGE_OBJECT_NEAR_PATH,0.777,1.318,0,0.471,added,aisle,63,MEDIUM
AISLE_NEAR_PATH,0.223,1.356,0,0.575,added,aisle,56,MEDIUM
LARGE_PATH_BLOCK,0.776,3.875,1,0.095,added,aisle,95,HIGH
AISLE_PATH_BLOCK,0.894,3.194,1,0.019,moved,aisle,82,HIGH
WORK_AREA_CHANGE,0.48,2.872,0,0.808,added,work,31,MEDIUM
LARGE_PATH_BLOCK,0.914,4.26,1,0.06,added,aisle,88,HIGH
AISLE_NEAR_PATH,0.627,3.298,0,0.245,moved,aisle,55,MEDIUM
LARGE_PATH_BLOCK,0.942,1.819,1,0.093,added,aisle,98,HIGH
WORK_AREA_NEAR_PATH,0.264,1.435,0,0.463,added,work,41,MEDIUM
AISLE_PATH_BLOCK,0.758,2.555,1,0.081,moved,aisle,82,HIGH
AISLE_NEAR_PATH,0.653,3.603,0,0.466,moved,aisle,52,MEDIUM
AISLE_NEAR_PATH,0.532,5.494,0,0.606,added,aisle,47,MEDIUM
AISLE_NEAR_PATH,0.606,2.031,0,0.669,moved,aisle,44,MEDIUM
AISLE_NEAR_PATH,0.221,6.589,0,0.6,added,aisle,59,MEDIUM
LARGE_OBJECT_NEAR_PATH,0.728,1.5,0,0.36,added,aisle,56,MEDIUM
WORK_AREA_NEAR_PATH,0.263,1.433,0,0.379,moved,work,57,MEDIUM
WORK_AREA_NEAR_PATH,0.383,3.432,0,0.482,added,work,40,MEDIUM
AISLE_PATH_BLOCK,0.832,6.633,1,0.036,moved,aisle,75,HIGH
STORAGE_NORMAL_CHANGE,0.477,3.522,0,4.336,added,storage,19,LOW
STORAGE_NORMAL_CHANGE,0.441,3.272,0,3.271,moved,storage,6,LOW
WORK_AREA_NEAR_PATH,0.212,1.651,0,0.459,added,work,51,MEDIUM
WORK_AREA_CHANGE,0.241,4.975,0,1.152,added,work,44,MEDIUM
STORAGE_NORMAL_CHANGE,0.273,0.914,0,2.393,removed,storage,23,LOW
SAFE_MINOR_CHANGE,0.166,1.196,0,2.578,moved,safe,11,LOW
SAFE_MINOR_CHANGE,0.105,4.486,0,1.42,added,safe,6,LOW
AISLE_PATH_BLOCK,0.488,7.806,1,0.051,moved,aisle,85,HIGH
LARGE_OBJECT_NEAR_PATH,0.98,4.709,0,0.159,added,aisle,69,MEDIUM
WORK_AREA_NEAR_PATH,0.543,7.373,0,0.4,added,work,37,MEDIUM
SAFE_MINOR_CHANGE,0.034,3.878,0,2.483,added,safe,14,LOW
STORAGE_NORMAL_CHANGE,0.246,2.935,0,3.087,moved,storage,14,LOW
RESTRICTED_AREA_CHANGE,0.189,7.533,0,1.872,moved,restricted,68,MEDIUM
STORAGE_NORMAL_CHANGE,0.284,3.978,0,3.761,moved,storage,8,LOW
AISLE_NEAR_PATH,0.492,4.722,0,0.325,moved,aisle,64,MEDIUM
WORK_AREA_NEAR_PATH,0.642,2.33,0,0.466,moved,work,52,MEDIUM
SAFE_MINOR_CHANGE,0.191,5.075,0,2.02,added,safe,10,LOW
STORAGE_NORMAL_CHANGE,0.415,4.293,0,3.946,moved,storage,14,LOW
SAFE_MINOR_CHANGE,0.196,6.087,0,4.059,added,safe,12,LOW
WORK_AREA_CHANGE,0.208,5.689,0,1.53,moved,work,34,MEDIUM
LARGE_PATH_BLOCK,0.944,1.858,1,0.052,added,aisle,90,HIGH
SAFE_MINOR_CHANGE,0.098,3.503,0,3.128,moved,safe,2,LOW
AISLE_PATH_BLOCK,0.557,7.5,1,0.125,added,aisle,84,HIGH
STORAGE_NORMAL_CHANGE,0.323,3.835,0,2.771,moved,storage,6,LOW
AISLE_NEAR_PATH,0.164,0.502,0,0.343,moved,aisle,49,MEDIUM
AISLE_NEAR_PATH,0.426,6.97,0,0.329,added,aisle,43,MEDIUM
LARGE_OBJECT_NEAR_PATH,0.807,3.389,0,0.288,added,aisle,75,HIGH
AISLE_NEAR_PATH,0.663,5.345,0,0.673,added,aisle,61,MEDIUM
LARGE_OBJECT_NEAR_PATH,0.804,1.351,0,0.32,added,aisle,58,MEDIUM
LARGE_PATH_BLOCK,0.911,1.491,1,0.003,added,aisle,86,HIGH
SAFE_MINOR_CHANGE,0.022,3.937,0,1.516,added,safe,2,LOW
STORAGE_NORMAL_CHANGE,0.165,1.513,0,4.775,moved,storage,13,LOW
RESTRICTED_AREA_CHANGE,0.137,1.195,0,0.538,moved,restricted,84,HIGH
WORK_AREA_NEAR_PATH,0.202,3.849,0,0.153,moved,work,36,MEDIUM
RESTRICTED_AREA_CHANGE,0.472,0.91,0,0.603,moved,restricted,60,MEDIUM
STORAGE_NORMAL_CHANGE,0.437,2.903,0,2.443,added,storage,6,LOW
WORK_AREA_CHANGE,0.254,3.843,0,0.983,moved,work,30,LOW
WORK_AREA_NEAR_PATH,0.567,4.684,0,0.548,moved,work,52,MEDIUM
LARGE_PATH_BLOCK,0.703,3.63,1,0.0,added,aisle,90,HIGH
SAFE_MINOR_CHANGE,0.137,4.033,0,3.261,added,safe,12,LOW
RESTRICTED_AREA_CHANGE,0.101,6.996,0,1.459,added,restricted,72,HIGH
WORK_AREA_CHANGE,0.374,2.164,0,0.536,added,work,44,MEDIUM
AISLE_PATH_BLOCK,0.694,6.712,1,0.063,moved,aisle,86,HIGH
WORK_AREA_NEAR_PATH,0.304,4.7,0,0.445,moved,work,56,MEDIUM
AISLE_PATH_BLOCK,0.603,2.895,1,0.137,moved,aisle,86,HIGH
AISLE_PATH_BLOCK,0.839,3.914,1,0.104,added,aisle,91,HIGH
STORAGE_NORMAL_CHANGE,0.439,7.616,0,2.392,added,storage,6,LOW
LARGE_OBJECT_NEAR_PATH,0.84,3.414,0,0.327,added,aisle,73,HIGH
SAFE_MINOR_CHANGE,0.096,4.371,0,2.25,added,safe,0,NORMAL
WORK_AREA_NEAR_PATH,0.237,1.892,0,0.255,added,work,50,MEDIUM
LARGE_PATH_BLOCK,0.764,3.317,1,0.022,added,aisle,95,HIGH
WORK_AREA_NEAR_PATH,0.415,1.114,0,0.302,moved,work,52,MEDIUM
AISLE_NEAR_PATH,0.59,7.112,0,0.508,moved,aisle,48,MEDIUM
AISLE_NEAR_PATH,0.362,4.171,0,0.582,added,aisle,40,MEDIUM
WORK_AREA_NEAR_PATH,0.632,2.602,0,0.577,added,work,37,MEDIUM
SAFE_MINOR_CHANGE,0.158,6.809,0,2.041,added,safe,5,LOW
WORK_AREA_CHANGE,0.172,1.948,0,1.06,moved,work,44,MEDIUM
LARGE_OBJECT_NEAR_PATH,0.604,5.864,0,0.24,added,aisle,63,MEDIUM
WORK_AREA_NEAR_PATH,0.689,3.833,0,0.338,moved,work,44,MEDIUM
LARGE_OBJECT_NEAR_PATH,0.783,5.454,0,0.461,added,aisle,65,MEDIUM
RESTRICTED_AREA_CHANGE,0.522,4.589,0,0.46,moved,restricted,78,HIGH
WORK_AREA_CHANGE,0.403,1.259,0,0.91,moved,work,33,MEDIUM
LARGE_OBJECT_NEAR_PATH,0.8,0.695,0,0.265,added,aisle,70,MEDIUM
WORK_AREA_NEAR_PATH,0.227,1.545,0,0.421,moved,work,51,MEDIUM
WORK_AREA_NEAR_PATH,0.328,5.936,0,0.588,moved,work,46,MEDIUM
STORAGE_NORMAL_CHANGE,0.337,0.881,0,4.926,added,storage,14,LOW
LARGE_OBJECT_NEAR_PATH,0.686,4.738,0,0.201,added,aisle,64,MEDIUM
RESTRICTED_AREA_CHANGE,0.715,1.977,0,2.424,moved,restricted,75,HIGH
STORAGE_NORMAL_CHANGE,0.187,2.381,0,2.46,added,storage,8,LOW
WORK_AREA_CHANGE,0.29,5.366,0,1.952,moved,work,21,LOW
WORK_AREA_CHANGE,0.459,0.855,0,0.593,added,work,20,LOW
WORK_AREA_CHANGE,0.349,0.747,0,0.838,added,work,38,MEDIUM
RESTRICTED_AREA_CHANGE,0.531,7.16,0,1.108,moved,restricted,78,HIGH
SAFE_MINOR_CHANGE,0.037,3.862,0,2.57,added,safe,1,LOW
WORK_AREA_CHANGE,0.16,1.226,0,0.849,added,work,41,MEDIUM
STORAGE_NORMAL_CHANGE,0.134,4.957,0,4.513,moved,storage,12,LOW
LARGE_OBJECT_NEAR_PATH,0.903,6.847,0,0.281,added,aisle,70,MEDIUM
LARGE_PATH_BLOCK,0.808,2.789,1,0.014,added,aisle,99,HIGH
WORK_AREA_NEAR_PATH,0.614,2.272,0,0.313,added,work,42,MEDIUM
AISLE_PATH_BLOCK,0.354,3.547,1,0.061,added,aisle,88,HIGH
LARGE_PATH_BLOCK,0.706,3.225,1,0.064,added,aisle,87,HIGH
WORK_AREA_CHANGE,0.493,3.747,0,1.157,moved,work,26,LOW
WORK_AREA_NEAR_PATH,0.654,1.033,0,0.398,added,work,40,MEDIUM
RESTRICTED_AREA_CHANGE,0.578,7.396,0,1.108,moved,restricted,68,MEDIUM
LARGE_OBJECT_NEAR_PATH,0.624,4.24,0,0.379,added,aisle,58,MEDIUM
LARGE_OBJECT_NEAR_PATH,0.851,1.25,0,0.175,added,aisle,61,MEDIUM
LARGE_PATH_BLOCK,0.968,2.907,1,0.002,added,aisle,99,HIGH
AISLE_PATH_BLOCK,0.666,2.609,1,0.021,moved,aisle,95,HIGH
WORK_AREA_NEAR_PATH,0.477,0.652,0,0.613,moved,work,60,MEDIUM
STORAGE_NORMAL_CHANGE,0.312,7.951,0,4.961,added,storage,16,LOW
AISLE_NEAR_PATH,0.393,2.515,0,0.531,added,aisle,52,MEDIUM
LARGE_OBJECT_NEAR_PATH,0.74,5.821,0,0.205,added,aisle,61,MEDIUM
LARGE_PATH_BLOCK,0.832,0.906,1,0.04,added,aisle,94,HIGH
AISLE_PATH_BLOCK,0.855,2.911,1,0.071,added,aisle,87,HIGH
WORK_AREA_NEAR_PATH,0.467,0.605,0,0.151,moved,work,48,MEDIUM
LARGE_OBJECT_NEAR_PATH,0.979,4.507,0,0.205,added,aisle,57,MEDIUM
STORAGE_NORMAL_CHANGE,0.178,2.778,0,4.497,added,storage,5,LOW
LARGE_OBJECT_NEAR_PATH,0.938,3.256,0,0.262,added,aisle,59,MEDIUM
LARGE_OBJECT_NEAR_PATH,0.674,1.604,0,0.387,added,aisle,63,MEDIUM
AISLE_PATH_BLOCK,0.745,1.449,1,0.123,added,aisle,89,HIGH
AISLE_NEAR_PATH,0.402,0.842,0,0.387,added,aisle,56,MEDIUM
AISLE_NEAR_PATH,0.446,3.842,0,0.153,added,aisle,54,MEDIUM
AISLE_PATH_BLOCK,0.562,7.502,1,0.021,added,aisle,77,HIGH
WORK_AREA_CHANGE,0.269,2.211,0,0.783,moved,work,39,MEDIUM
WORK_AREA_NEAR_PATH,0.597,6.177,0,0.699,added,work,47,MEDIUM
SAFE_MINOR_CHANGE,0.052,6.62,0,4.442,moved,safe,2,LOW
RESTRICTED_AREA_CHANGE,0.453,2.172,0,1.323,moved,restricted,85,HIGH
WORK_AREA_CHANGE,0.326,6.422,0,0.51,added,work,27,LOW
SAFE_MINOR_CHANGE,0.199,7.094,0,2.136,moved,safe,13,LOW
AISLE_PATH_BLOCK,0.786,4.936,1,0.12,added,aisle,95,HIGH
SAFE_MINOR_CHANGE,0.021,6.507,0,4.711,added,safe,12,LOW
LARGE_OBJECT_NEAR_PATH,0.951,7.343,0,0.25,added,aisle,70,MEDIUM
LARGE_PATH_BLOCK,0.819,5.195,1,0.097,added,aisle,96,HIGH
LARGE_OBJECT_NEAR_PATH,0.797,3.347,0,0.46,added,aisle,68,MEDIUM
LARGE_OBJECT_NEAR_PATH,0.802,4.486,0,0.397,added,aisle,73,HIGH
AISLE_PATH_BLOCK,0.63,1.293,1,0.093,added,aisle,82,HIGH
LARGE_PATH_BLOCK,0.938,2.491,1,0.073,added,aisle,95,HIGH
RESTRICTED_AREA_CHANGE,0.455,2.648,0,0.88,added,restricted,78,HIGH
LARGE_PATH_BLOCK,0.902,6.926,1,0.082,added,aisle,86,HIGH
AISLE_NEAR_PATH,0.381,0.614,0,0.188,moved,aisle,45,MEDIUM
LARGE_OBJECT_NEAR_PATH,0.775,3.126,0,0.229,added,aisle,66,MEDIUM
WORK_AREA_CHANGE,0.484,3.324,0,1.07,added,work,31,MEDIUM
SAFE_MINOR_CHANGE,0.11,1.263,0,4.334,added,safe,0,NORMAL
AISLE_PATH_BLOCK,0.43,2.913,1,0.1,added,aisle,89,HIGH
LARGE_PATH_BLOCK,0.702,6.69,1,0.032,added,aisle,85,HIGH
STORAGE_NORMAL_CHANGE,0.151,0.845,0,2.409,moved,storage,19,LOW
RESTRICTED_AREA_CHANGE,0.382,6.567,0,1.093,moved,restricted,77,HIGH
LARGE_OBJECT_NEAR_PATH,0.945,2.302,0,0.444,added,aisle,60,MEDIUM
LARGE_PATH_BLOCK,0.857,0.612,1,0.068,added,aisle,89,HIGH
WORK_AREA_NEAR_PATH,0.698,3.109,0,0.307,added,work,46,MEDIUM
AISLE_PATH_BLOCK,0.376,5.967,1,0.117,added,aisle,89,HIGH
LARGE_OBJECT_NEAR_PATH,0.618,4.933,0,0.468,added,aisle,60,MEDIUM
RESTRICTED_AREA_CHANGE,0.383,5.0,0,2.995,added,restricted,85,HIGH
RESTRICTED_AREA_CHANGE,0.786,2.159,0,1.297,moved,restricted,71,HIGH
STORAGE_NORMAL_CHANGE,0.144,4.392,0,4.24,removed,storage,6,LOW
WORK_AREA_CHANGE,0.401,3.335,0,1.685,added,work,21,LOW
LARGE_OBJECT_NEAR_PATH,0.84,2.232,0,0.282,added,aisle,65,MEDIUM
RESTRICTED_AREA_CHANGE,0.4,7.8,0,2.103,moved,restricted,75,HIGH
LARGE_OBJECT_NEAR_PATH,0.636,5.698,0,0.447,added,aisle,70,MEDIUM
SAFE_MINOR_CHANGE,0.033,6.879,0,3.548,added,safe,1,LOW
AISLE_NEAR_PATH,0.286,1.706,0,0.347,added,aisle,60,MEDIUM
AISLE_PATH_BLOCK,0.493,3.596,1,0.13,moved,aisle,75,HIGH
WORK_AREA_CHANGE,0.164,7.479,0,1.259,added,work,41,MEDIUM
WORK_AREA_CHANGE,0.17,6.559,0,1.516,added,work,25,LOW
LARGE_PATH_BLOCK,0.771,1.406,1,0.004,added,aisle,99,HIGH
LARGE_OBJECT_NEAR_PATH,0.705,2.969,0,0.236,added,aisle,60,MEDIUM
AISLE_PATH_BLOCK,0.535,1.625,1,0.02,moved,aisle,87,HIGH
LARGE_OBJECT_NEAR_PATH,0.709,1.699,0,0.406,added,aisle,56,MEDIUM
RESTRICTED_AREA_CHANGE,0.796,3.234,0,2.848,added,restricted,64,MEDIUM
SAFE_MINOR_CHANGE,0.068,4.989,0,1.029,added,safe,4,LOW
AISLE_PATH_BLOCK,0.393,5.969,1,0.096,moved,aisle,76,HIGH
LARGE_OBJECT_NEAR_PATH,0.645,7.89,0,0.194,added,aisle,65,MEDIUM
LARGE_OBJECT_NEAR_PATH,0.769,1.228,0,0.308,added,aisle,65,MEDIUM
AISLE_PATH_BLOCK,0.638,3.692,1,0.041,added,aisle,80,HIGH
WORK_AREA_CHANGE,0.521,7.933,0,0.743,added,work,40,MEDIUM
WORK_AREA_CHANGE,0.421,5.824,0,1.556,moved,work,41,MEDIUM
AISLE_NEAR_PATH,0.453,2.675,0,0.684,moved,aisle,56,MEDIUM
RESTRICTED_AREA_CHANGE,0.375,6.135,0,2.754,moved,restricted,78,HIGH
LARGE_OBJECT_NEAR_PATH,0.917,2.472,0,0.193,added,aisle,67,MEDIUM
LARGE_PATH_BLOCK,0.899,0.752,1,0.079,added,aisle,92,HIGH
WORK_AREA_CHANGE,0.16,2.336,0,0.993,moved,work,39,MEDIUM
AISLE_PATH_BLOCK,0.617,7.819,1,0.008,added,aisle,75,HIGH
WORK_AREA_NEAR_PATH,0.292,1.209,0,0.341,added,work,59,MEDIUM
WORK_AREA_NEAR_PATH,0.511,2.581,0,0.398,added,work,56,MEDIUM
STORAGE_NORMAL_CHANGE,0.392,4.044,0,2.997,added,storage,18,LOW
LARGE_OBJECT_NEAR_PATH,0.735,1.294,0,0.326,added,aisle,63,MEDIUM
AISLE_PATH_BLOCK,0.593,0.723,1,0.001,moved,aisle,89,HIGH
AISLE_NEAR_PATH,0.648,2.74,0,0.302,moved,aisle,63,MEDIUM
SAFE_MINOR_CHANGE,0.066,3.56,0,1.547,added,safe,9,LOW
WORK_AREA_CHANGE,0.6,0.556,0,0.742,added,work,37,MEDIUM
RESTRICTED_AREA_CHANGE,0.293,1.967,0,0.877,added,restricted,65,MEDIUM
AISLE_NEAR_PATH,0.226,2.7,0,0.318,moved,aisle,46,MEDIUM
SAFE_MINOR_CHANGE,0.158,5.877,0,2.797,moved,safe,4,LOW
RESTRICTED_AREA_CHANGE,0.126,5.254,0,2.747,added,restricted,85,HIGH
RESTRICTED_AREA_CHANGE,0.753,3.604,0,1.075,added,restricted,83,HIGH
LARGE_PATH_BLOCK,0.894,2.461,1,0.064,added,aisle,97,HIGH
WORK_AREA_NEAR_PATH,0.695,7.972,0,0.689,moved,work,46,MEDIUM
WORK_AREA_NEAR_PATH,0.267,2.727,0,0.198,moved,work,46,MEDIUM
WORK_AREA_NEAR_PATH,0.462,2.602,0,0.623,added,work,45,MEDIUM
RESTRICTED_AREA_CHANGE,0.795,1.711,0,1.918,moved,restricted,84,HIGH
RESTRICTED_AREA_CHANGE,0.309,6.803,0,1.748,added,restricted,81,HIGH
AISLE_PATH_BLOCK,0.837,1.705,1,0.026,moved,aisle,93,HIGH
AISLE_NEAR_PATH,0.247,1.946,0,0.23,moved,aisle,54,MEDIUM
SAFE_MINOR_CHANGE,0.115,3.282,0,4.319,added,safe,12,LOW
AISLE_NEAR_PATH,0.184,6.162,0,0.433,moved,aisle,41,MEDIUM
LARGE_PATH_BLOCK,0.884,0.663,1,0.082,added,aisle,91,HIGH
RESTRICTED_AREA_CHANGE,0.366,2.534,0,0.827,moved,restricted,80,HIGH
RESTRICTED_AREA_CHANGE,0.248,7.142,0,1.275,added,restricted,77,HIGH
AISLE_NEAR_PATH,0.221,1.964,0,0.5,moved,aisle,47,MEDIUM
WORK_AREA_CHANGE,0.394,5.483,0,1.156,moved,work,39,MEDIUM
WORK_AREA_NEAR_PATH,0.317,4.631,0,0.574,moved,work,43,MEDIUM
SAFE_MINOR_CHANGE,0.068,4.844,0,1.707,added,safe,13,LOW
STORAGE_NORMAL_CHANGE,0.104,1.035,0,4.959,added,storage,6,LOW
LARGE_OBJECT_NEAR_PATH,0.908,2.513,0,0.286,added,aisle,64,MEDIUM
LARGE_PATH_BLOCK,0.832,6.122,1,0.052,added,aisle,94,HIGH
STORAGE_NORMAL_CHANGE,0.38,3.267,0,1.699,moved,storage,9,LOW
AISLE_NEAR_PATH,0.176,4.436,0,0.488,added,aisle,45,MEDIUM
AISLE_NEAR_PATH,0.244,0.648,0,0.179,added,aisle,64,MEDIUM
AISLE_PATH_BLOCK,0.676,1.557,1,0.003,added,aisle,76,HIGH
AISLE_NEAR_PATH,0.675,6.579,0,0.339,added,aisle,61,MEDIUM
AISLE_NEAR_PATH,0.356,0.784,0,0.311,added,aisle,43,MEDIUM
SAFE_MINOR_CHANGE,0.095,2.339,0,3.841,added,safe,13,LOW
STORAGE_NORMAL_CHANGE,0.195,4.907,0,3.872,moved,storage,14,LOW
STORAGE_NORMAL_CHANGE,0.226,2.001,0,3.72,moved,storage,8,LOW
RESTRICTED_AREA_CHANGE,0.645,0.989,0,1.171,moved,restricted,83,HIGH
AISLE_NEAR_PATH,0.544,2.65,0,0.567,moved,aisle,56,MEDIUM
WORK_AREA_NEAR_PATH,0.201,5.568,0,0.288,added,work,54,MEDIUM
WORK_AREA_CHANGE,0.181,1.202,0,1.325,added,work,28,LOW
WORK_AREA_CHANGE,0.593,2.169,0,1.722,moved,work,24,LOW
AISLE_PATH_BLOCK,0.594,1.45,1,0.105,moved,aisle,88,HIGH
SAFE_MINOR_CHANGE,0.194,4.97,0,4.732,moved,safe,12,LOW
WORK_AREA_CHANGE,0.556,1.632,0,1.87,added,work,43,MEDIUM
WORK_AREA_NEAR_PATH,0.235,3.025,0,0.592,added,work,41,MEDIUM
RESTRICTED_AREA_CHANGE,0.354,0.648,0,0.46,moved,restricted,69,MEDIUM
STORAGE_NORMAL_CHANGE,0.215,4.411,0,2.849,moved,storage,11,LOW
AISLE_NEAR_PATH,0.679,7.332,0,0.373,moved,aisle,51,MEDIUM
AISLE_NEAR_PATH,0.519,3.911,0,0.308,moved,aisle,41,MEDIUM
AISLE_PATH_BLOCK,0.488,7.444,1,0.142,added,aisle,95,HIGH
WORK_AREA_NEAR_PATH,0.331,2.586,0,0.66,added,work,39,MEDIUM
LARGE_PATH_BLOCK,0.747,1.293,1,0.01,added,aisle,90,HIGH
AISLE_NEAR_PATH,0.243,4.034,0,0.344,moved,aisle,55,MEDIUM
WORK_AREA_NEAR_PATH,0.383,1.698,0,0.326,added,work,60,MEDIUM
AISLE_NEAR_PATH,0.481,6.25,0,0.18,added,aisle,53,MEDIUM
LARGE_PATH_BLOCK,0.712,7.363,1,0.057,added,aisle,97,HIGH
LARGE_PATH_BLOCK,0.794,1.054,1,0.022,added,aisle,92,HIGH
RESTRICTED_AREA_CHANGE,0.188,3.371,0,2.613,moved,restricted,63,MEDIUM
LARGE_PATH_BLOCK,0.746,4.255,1,0.006,added,aisle,93,HIGH
WORK_AREA_NEAR_PATH,0.477,4.819,0,0.317,added,work,57,MEDIUM
AISLE_PATH_BLOCK,0.711,4.251,1,0.096,moved,aisle,81,HIGH
WORK_AREA_CHANGE,0.59,6.043,0,1.198,added,work,25,LOW
RESTRICTED_AREA_CHANGE,0.608,6.834,0,1.164,added,restricted,79,HIGH
WORK_AREA_NEAR_PATH,0.237,1.836,0,0.206,moved,work,54,MEDIUM
WORK_AREA_CHANGE,0.407,2.587,0,0.649,moved,work,35,MEDIUM
AISLE_PATH_BLOCK,0.423,4.604,1,0.138,added,aisle,93,HIGH
LARGE_OBJECT_NEAR_PATH,0.65,1.746,0,0.369,added,aisle,59,MEDIUM
STORAGE_NORMAL_CHANGE,0.254,6.82,0,2.296,added,storage,15,LOW
SAFE_MINOR_CHANGE,0.171,5.394,0,4.218,moved,safe,8,LOW
AISLE_PATH_BLOCK,0.611,1.832,1,0.084,added,aisle,94,HIGH
AISLE_NEAR_PATH,0.373,3.538,0,0.542,moved,aisle,56,MEDIUM
WORK_AREA_NEAR_PATH,0.279,3.628,0,0.634,moved,work,36,MEDIUM
AISLE_NEAR_PATH,0.392,6.767,0,0.483,moved,aisle,41,MEDIUM
LARGE_PATH_BLOCK,0.913,4.606,1,0.079,added,aisle,93,HIGH
WORK_AREA_NEAR_PATH,0.616,3.29,0,0.467,added,work,49,MEDIUM
SAFE_MINOR_CHANGE,0.101,6.211,0,4.613,moved,safe,11,LOW
WORK_AREA_CHANGE,0.142,3.427,0,0.887,added,work,24,LOW
STORAGE_NORMAL_CHANGE,0.303,0.699,0,3.974,added,storage,22,LOW
SAFE_MINOR_CHANGE,0.158,1.96,0,2.867,added,safe,0,NORMAL
WORK_AREA_NEAR_PATH,0.54,6.634,0,0.586,added,work,47,MEDIUM
RESTRICTED_AREA_CHANGE,0.658,1.375,0,1.851,moved,restricted,64,MEDIUM
WORK_AREA_CHANGE,0.261,1.144,0,0.867,moved,work,20,LOW
WORK_AREA_NEAR_PATH,0.611,2.125,0,0.593,moved,work,48,MEDIUM
STORAGE_NORMAL_CHANGE,0.494,7.888,0,4.624,moved,storage,21,LOW
SAFE_MINOR_CHANGE,0.03,0.808,0,1.984,moved,safe,1,LOW
SAFE_MINOR_CHANGE,0.172,2.742,0,3.361,added,safe,6,LOW
STORAGE_NORMAL_CHANGE,0.354,5.619,0,1.296,removed,storage,14,LOW
STORAGE_NORMAL_CHANGE,0.327,3.629,0,3.287,moved,storage,8,LOW
LARGE_OBJECT_NEAR_PATH,0.919,6.787,0,0.407,added,aisle,66,MEDIUM
WORK_AREA_NEAR_PATH,0.281,3.231,0,0.617,moved,work,39,MEDIUM
AISLE_NEAR_PATH,0.403,5.398,0,0.43,added,aisle,45,MEDIUM
RESTRICTED_AREA_CHANGE,0.278,2.609,0,2.014,added,restricted,60,MEDIUM
WORK_AREA_NEAR_PATH,0.255,3.935,0,0.36,added,work,47,MEDIUM
LARGE_PATH_BLOCK,0.704,3.411,1,0.074,added,aisle,87,HIGH
AISLE_NEAR_PATH,0.408,3.6,0,0.347,moved,aisle,56,MEDIUM
LARGE_OBJECT_NEAR_PATH,0.755,1.489,0,0.452,added,aisle,71,HIGH
LARGE_PATH_BLOCK,0.723,2.335,1,0.088,added,aisle,92,HIGH
RESTRICTED_AREA_CHANGE,0.619,2.954,0,2.666,added,restricted,66,MEDIUM
LARGE_OBJECT_NEAR_PATH,0.731,5.858,0,0.354,added,aisle,58,MEDIUM
LARGE_OBJECT_NEAR_PATH,0.889,4.804,0,0.394,added,aisle,69,MEDIUM
AISLE_PATH_BLOCK,0.468,6.58,1,0.003,moved,aisle,78,HIGH
RESTRICTED_AREA_CHANGE,0.307,4.68,0,0.489,moved,restricted,64,MEDIUM
LARGE_PATH_BLOCK,0.831,4.235,1,0.099,added,aisle,95,HIGH
STORAGE_NORMAL_CHANGE,0.074,7.591,0,2.57,added,storage,24,LOW
STORAGE_NORMAL_CHANGE,0.11,6.704,0,3.321,added,storage,21,LOW
RESTRICTED_AREA_CHANGE,0.529,6.048,0,2.24,added,restricted,62,MEDIUM
LARGE_OBJECT_NEAR_PATH,0.681,1.525,0,0.369,added,aisle,75,HIGH
WORK_AREA_CHANGE,0.353,2.173,0,1.916,added,work,27,LOW
AISLE_PATH_BLOCK,0.365,2.845,1,0.026,added,aisle,83,HIGH
LARGE_PATH_BLOCK,0.708,2.553,1,0.016,added,aisle,99,HIGH
AISLE_NEAR_PATH,0.652,6.496,0,0.223,moved,aisle,59,MEDIUM
AISLE_NEAR_PATH,0.598,5.973,0,0.375,moved,aisle,55,MEDIUM
AISLE_NEAR_PATH,0.469,6.619,0,0.624,added,aisle,61,MEDIUM
RESTRICTED_AREA_CHANGE,0.184,3.8,0,1.099,moved,restricted,82,HIGH
SAFE_MINOR_CHANGE,0.159,6.463,0,4.784,added,safe,4,LOW
AISLE_NEAR_PATH,0.308,5.388,0,0.495,moved,aisle,45,MEDIUM
LARGE_PATH_BLOCK,0.806,1.909,1,0.013,added,aisle,94,HIGH
AISLE_NEAR_PATH,0.459,1.77,0,0.601,moved,aisle,61,MEDIUM
WORK_AREA_CHANGE,0.193,7.533,0,0.953,moved,work,26,LOW
LARGE_OBJECT_NEAR_PATH,0.686,1.343,0,0.226,added,aisle,61,MEDIUM
SAFE_MINOR_CHANGE,0.035,1.428,0,4.71,added,safe,6,LOW
AISLE_PATH_BLOCK,0.428,5.637,1,0.124,added,aisle,77,HIGH
AISLE_NEAR_PATH,0.642,2.576,0,0.512,added,aisle,42,MEDIUM
RESTRICTED_AREA_CHANGE,0.227,3.973,0,1.307,added,restricted,77,HIGH
RESTRICTED_AREA_CHANGE,0.593,5.694,0,1.311,added,restricted,68,MEDIUM
AISLE_NEAR_PATH,0.651,2.18,0,0.321,moved,aisle,44,MEDIUM
SAFE_MINOR_CHANGE,0.145,1.798,0,1.367,moved,safe,2,LOW
LARGE_PATH_BLOCK,0.869,3.597,1,0.011,added,aisle,89,HIGH
WORK_AREA_NEAR_PATH,0.638,2.715,0,0.384,added,work,59,MEDIUM
STORAGE_NORMAL_CHANGE,0.102,7.138,0,2.957,added,storage,7,LOW
RESTRICTED_AREA_CHANGE,0.282,2.937,0,0.74,moved,restricted,77,HIGH
WORK_AREA_NEAR_PATH,0.357,6.851,0,0.358,added,work,56,MEDIUM
WORK_AREA_NEAR_PATH,0.337,7.665,0,0.324,added,work,39,MEDIUM
AISLE_NEAR_PATH,0.69,5.576,0,0.618,moved,aisle,59,MEDIUM
STORAGE_NORMAL_CHANGE,0.27,4.255,0,4.956,moved,storage,8,LOW
WORK_AREA_CHANGE,0.508,5.927,0,1.804,added,work,43,MEDIUM
SAFE_MINOR_CHANGE,0.016,3.775,0,1.858,added,safe,6,LOW
WORK_AREA_NEAR_PATH,0.468,3.947,0,0.679,added,work,53,MEDIUM
AISLE_NEAR_PATH,0.596,3.973,0,0.601,added,aisle,57,MEDIUM
AISLE_PATH_BLOCK,0.302,0.701,1,0.029,moved,aisle,76,HIGH
SAFE_MINOR_CHANGE,0.077,6.406,0,4.328,moved,safe,13,LOW
AISLE_PATH_BLOCK,0.712,2.829,1,0.147,added,aisle,88,HIGH
STORAGE_NORMAL_CHANGE,0.491,7.126,0,2.205,added,storage,21,LOW
AISLE_NEAR_PATH,0.341,5.287,0,0.34,added,aisle,50,MEDIUM
LARGE_OBJECT_NEAR_PATH,0.653,6.47,0,0.432,added,aisle,74,HIGH
WORK_AREA_CHANGE,0.336,6.634,0,1.618,added,work,28,LOW
SAFE_MINOR_CHANGE,0.018,4.205,0,2.319,moved,safe,2,LOW
AISLE_NEAR_PATH,0.636,7.639,0,0.385,added,aisle,60,MEDIUM
WORK_AREA_CHANGE,0.154,1.451,0,0.72,moved,work,45,MEDIUM
WORK_AREA_NEAR_PATH,0.21,1.681,0,0.516,moved,work,51,MEDIUM
RESTRICTED_AREA_CHANGE,0.337,0.988,0,1.014,moved,restricted,85,HIGH
SAFE_MINOR_CHANGE,0.149,7.088,0,2.516,added,safe,8,LOW
WORK_AREA_NEAR_PATH,0.695,7.602,0,0.208,added,work,45,MEDIUM
WORK_AREA_NEAR_PATH,0.641,1.305,0,0.466,added,work,39,MEDIUM
STORAGE_NORMAL_CHANGE,0.422,7.456,0,3.39,added,storage,19,LOW
STORAGE_NORMAL_CHANGE,0.184,0.955,0,2.476,moved,storage,10,LOW
AISLE_NEAR_PATH,0.435,3.101,0,0.612,added,aisle,59,MEDIUM
WORK_AREA_NEAR_PATH,0.565,7.622,0,0.571,added,work,57,MEDIUM
RESTRICTED_AREA_CHANGE,0.33,7.407,0,1.024,added,restricted,63,MEDIUM
STORAGE_NORMAL_CHANGE,0.258,4.417,0,1.857,moved,storage,7,LOW
SAFE_MINOR_CHANGE,0.046,0.686,0,4.71,moved,safe,7,LOW
AISLE_PATH_BLOCK,0.537,1.538,1,0.11,moved,aisle,92,HIGH
LARGE_PATH_BLOCK,0.969,7.806,1,0.005,added,aisle,91,HIGH
WORK_AREA_NEAR_PATH,0.318,0.724,0,0.319,moved,work,58,MEDIUM
WORK_AREA_CHANGE,0.587,0.713,0,1.611,moved,work,44,MEDIUM
WORK_AREA_NEAR_PATH,0.675,2.931,0,0.46,added,work,41,MEDIUM
WORK_AREA_NEAR_PATH,0.697,5.036,0,0.196,added,work,36,MEDIUM
AISLE_PATH_BLOCK,0.619,0.797,1,0.12,added,aisle,85,HIGH
SAFE_MINOR_CHANGE,0.158,4.173,0,4.942,moved,safe,7,LOW
RESTRICTED_AREA_CHANGE,0.638,6.067,0,2.103,added,restricted,70,MEDIUM
RESTRICTED_AREA_CHANGE,0.715,0.908,0,1.148,moved,restricted,73,HIGH
WORK_AREA_NEAR_PATH,0.281,5.092,0,0.295,moved,work,39,MEDIUM
AISLE_PATH_BLOCK,0.756,4.755,1,0.055,added,aisle,76,HIGH
AISLE_PATH_BLOCK,0.559,2.48,1,0.08,moved,aisle,79,HIGH
SAFE_MINOR_CHANGE,0.064,4.711,0,4.168,moved,safe,12,LOW
AISLE_PATH_BLOCK,0.505,3.172,1,0.037,moved,aisle,95,HIGH
LARGE_OBJECT_NEAR_PATH,0.638,6.503,0,0.322,added,aisle,57,MEDIUM
LARGE_PATH_BLOCK,0.904,4.074,1,0.074,added,aisle,88,HIGH
AISLE_NEAR_PATH,0.429,7.555,0,0.385,added,aisle,40,MEDIUM
RESTRICTED_AREA_CHANGE,0.224,6.605,0,1.254,moved,restricted,71,HIGH
LARGE_PATH_BLOCK,0.723,5.606,1,0.05,added,aisle,93,HIGH
AISLE_PATH_BLOCK,0.329,4.989,1,0.117,moved,aisle,75,HIGH
LARGE_OBJECT_NEAR_PATH,0.862,4.287,0,0.309,added,aisle,68,MEDIUM
AISLE_PATH_BLOCK,0.615,3.979,1,0.106,added,aisle,87,HIGH
WORK_AREA_CHANGE,0.307,4.779,0,0.501,moved,work,36,MEDIUM
LARGE_PATH_BLOCK,0.783,5.559,1,0.07,added,aisle,94,HIGH
WORK_AREA_NEAR_PATH,0.425,6.135,0,0.406,added,work,43,MEDIUM
LARGE_PATH_BLOCK,0.889,1.273,1,0.015,added,aisle,86,HIGH
LARGE_OBJECT_NEAR_PATH,0.925,5.454,0,0.219,added,aisle,56,MEDIUM
STORAGE_NORMAL_CHANGE,0.481,0.803,0,3.823,moved,storage,11,LOW
AISLE_PATH_BLOCK,0.681,0.685,1,0.075,moved,aisle,78,HIGH
LARGE_PATH_BLOCK,0.78,4.301,1,0.002,added,aisle,87,HIGH
LARGE_OBJECT_NEAR_PATH,0.614,4.696,0,0.403,added,aisle,74,HIGH
STORAGE_NORMAL_CHANGE,0.419,2.306,0,2.443,added,storage,8,LOW
RESTRICTED_AREA_CHANGE,0.119,2.895,0,0.818,moved,restricted,85,HIGH
RESTRICTED_AREA_CHANGE,0.285,0.647,0,0.734,added,restricted,60,MEDIUM
SAFE_MINOR_CHANGE,0.033,7.376,0,2.286,moved,safe,9,LOW
LARGE_OBJECT_NEAR_PATH,0.881,7.929,0,0.403,added,aisle,57,MEDIUM
WORK_AREA_NEAR_PATH,0.245,5.878,0,0.288,moved,work,57,MEDIUM
LARGE_PATH_BLOCK,0.701,5.198,1,0.028,added,aisle,87,HIGH
STORAGE_NORMAL_CHANGE,0.45,7.472,0,1.399,removed,storage,7,LOW
AISLE_NEAR_PATH,0.631,4.345,0,0.41,added,aisle,45,MEDIUM
LARGE_PATH_BLOCK,0.767,5.724,1,0.085,added,aisle,98,HIGH
LARGE_OBJECT_NEAR_PATH,0.815,1.799,0,0.359,added,aisle,72,HIGH
AISLE_NEAR_PATH,0.391,3.079,0,0.571,added,aisle,59,MEDIUM
WORK_AREA_NEAR_PATH,0.256,1.399,0,0.699,moved,work,45,MEDIUM
AISLE_NEAR_PATH,0.315,2.014,0,0.343,added,aisle,50,MEDIUM
WORK_AREA_CHANGE,0.458,6.2,0,1.362,added,work,42,MEDIUM
WORK_AREA_NEAR_PATH,0.306,1.917,0,0.621,moved,work,48,MEDIUM
STORAGE_NORMAL_CHANGE,0.24,1.001,0,3.372,added,storage,9,LOW
STORAGE_NORMAL_CHANGE,0.303,1.449,0,4.006,added,storage,15,LOW
WORK_AREA_NEAR_PATH,0.496,5.163,0,0.528,moved,work,58,MEDIUM
WORK_AREA_CHANGE,0.478,4.227,0,1.219,added,work,20,LOW
WORK_AREA_NEAR_PATH,0.269,7.325,0,0.442,moved,work,50,MEDIUM
AISLE_PATH_BLOCK,0.621,0.514,1,0.127,moved,aisle,82,HIGH
LARGE_OBJECT_NEAR_PATH,0.844,4.444,0,0.309,added,aisle,57,MEDIUM
AISLE_PATH_BLOCK,0.582,7.358,1,0.069,added,aisle,77,HIGH
RESTRICTED_AREA_CHANGE,0.348,4.125,0,0.902,moved,restricted,77,HIGH
WORK_AREA_CHANGE,0.235,4.167,0,0.556,added,work,40,MEDIUM
AISLE_NEAR_PATH,0.57,0.983,0,0.188,moved,aisle,63,MEDIUM
WORK_AREA_CHANGE,0.456,5.423,0,1.177,added,work,36,MEDIUM
AISLE_NEAR_PATH,0.677,2.77,0,0.692,added,aisle,49,MEDIUM
LARGE_OBJECT_NEAR_PATH,0.648,5.24,0,0.401,added,aisle,55,MEDIUM
LARGE_PATH_BLOCK,0.931,7.524,1,0.081,added,aisle,98,HIGH
WORK_AREA_NEAR_PATH,0.424,2.019,0,0.535,added,work,44,MEDIUM
RESTRICTED_AREA_CHANGE,0.457,0.755,0,1.378,added,restricted,84,HIGH
WORK_AREA_NEAR_PATH,0.474,3.864,0,0.606,added,work,57,MEDIUM
AISLE_NEAR_PATH,0.451,4.674,0,0.182,added,aisle,55,MEDIUM
RESTRICTED_AREA_CHANGE,0.781,3.918,0,2.05,moved,restricted,75,HIGH
AISLE_PATH_BLOCK,0.733,7.677,1,0.027,moved,aisle,94,HIGH
LARGE_PATH_BLOCK,0.941,7.456,1,0.015,added,aisle,99,HIGH
SAFE_MINOR_CHANGE,0.109,6.499,0,2.258,moved,safe,13,LOW
WORK_AREA_CHANGE,0.157,6.89,0,1.796,moved,work,34,MEDIUM
AISLE_PATH_BLOCK,0.604,2.95,1,0.002,moved,aisle,75,HIGH
AISLE_NEAR_PATH,0.401,7.476,0,0.459,added,aisle,50,MEDIUM
WORK_AREA_NEAR_PATH,0.44,7.289,0,0.431,added,work,44,MEDIUM
STORAGE_NORMAL_CHANGE,0.367,4.122,0,2.826,removed,storage,13,LOW
WORK_AREA_NEAR_PATH,0.665,0.823,0,0.461,added,work,49,MEDIUM
AISLE_NEAR_PATH,0.32,2.37,0,0.297,added,aisle,54,MEDIUM
WORK_AREA_CHANGE,0.297,7.197,0,0.504,moved,work,27,LOW
WORK_AREA_CHANGE,0.4,1.037,0,1.9,moved,work,44,MEDIUM
LARGE_PATH_BLOCK,0.968,1.6,1,0.05,added,aisle,98,HIGH
RESTRICTED_AREA_CHANGE,0.331,5.814,0,0.461,moved,restricted,69,MEDIUM
LARGE_OBJECT_NEAR_PATH,0.99,3.505,0,0.207,added,aisle,60,MEDIUM
WORK_AREA_NEAR_PATH,0.371,5.368,0,0.424,moved,work,37,MEDIUM
AISLE_NEAR_PATH,0.583,2.382,0,0.497,moved,aisle,43,MEDIUM
AISLE_PATH_BLOCK,0.516,0.833,1,0.017,added,aisle,77,HIGH
LARGE_OBJECT_NEAR_PATH,0.915,1.76,0,0.25,added,aisle,63,MEDIUM
SAFE_MINOR_CHANGE,0.026,2.328,0,4.374,moved,safe,10,LOW
SAFE_MINOR_CHANGE,0.029,2.033,0,3.974,added,safe,0,NORMAL
AISLE_PATH_BLOCK,0.737,6.13,1,0.076,added,aisle,94,HIGH
LARGE_PATH_BLOCK,0.767,7.014,1,0.069,added,aisle,96,HIGH
LARGE_PATH_BLOCK,0.983,2.379,1,0.08,added,aisle,92,HIGH
AISLE_PATH_BLOCK,0.586,1.831,1,0.073,added,aisle,77,HIGH
AISLE_PATH_BLOCK,0.748,5.061,1,0.113,added,aisle,88,HIGH
SAFE_MINOR_CHANGE,0.041,4.258,0,1.609,added,safe,11,LOW
WORK_AREA_CHANGE,0.205,4.909,0,0.849,moved,work,21,LOW
WORK_AREA_NEAR_PATH,0.298,2.488,0,0.3,added,work,46,MEDIUM
LARGE_OBJECT_NEAR_PATH,0.733,4.989,0,0.277,added,aisle,71,HIGH
WORK_AREA_CHANGE,0.45,6.123,0,1.515,added,work,39,MEDIUM
LARGE_OBJECT_NEAR_PATH,0.943,2.835,0,0.371,added,aisle,58,MEDIUM
SAFE_MINOR_CHANGE,0.093,6.745,0,3.801,added,safe,4,LOW
RESTRICTED_AREA_CHANGE,0.749,7.796,0,2.374,moved,restricted,65,MEDIUM
LARGE_PATH_BLOCK,0.754,4.499,1,0.072,added,aisle,95,HIGH
RESTRICTED_AREA_CHANGE,0.671,7.331,0,2.424,moved,restricted,75,HIGH
AISLE_NEAR_PATH,0.508,4.888,0,0.235,moved,aisle,63,MEDIUM
WORK_AREA_CHANGE,0.574,1.187,0,0.989,added,work,26,LOW
WORK_AREA_CHANGE,0.239,0.9,0,1.911,moved,work,44,MEDIUM
RESTRICTED_AREA_CHANGE,0.73,7.853,0,2.689,moved,restricted,61,MEDIUM
LARGE_OBJECT_NEAR_PATH,0.752,3.638,0,0.195,added,aisle,61,MEDIUM
SAFE_MINOR_CHANGE,0.07,6.07,0,1.059,added,safe,13,LOW
WORK_AREA_CHANGE,0.528,1.724,0,1.261,moved,work,31,MEDIUM
STORAGE_NORMAL_CHANGE,0.299,2.905,0,2.383,added,storage,12,LOW
RESTRICTED_AREA_CHANGE,0.676,3.475,0,2.294,added,restricted,71,HIGH
LARGE_OBJECT_NEAR_PATH,0.915,3.682,0,0.266,added,aisle,70,MEDIUM
AISLE_NEAR_PATH,0.18,0.799,0,0.275,added,aisle,61,MEDIUM
LARGE_OBJECT_NEAR_PATH,0.758,0.631,0,0.19,added,aisle,56,MEDIUM
LARGE_PATH_BLOCK,0.853,2.042,1,0.026,added,aisle,85,HIGH
SAFE_MINOR_CHANGE,0.097,4.766,0,1.559,added,safe,1,LOW
WORK_AREA_NEAR_PATH,0.375,5.736,0,0.272,moved,work,43,MEDIUM
SAFE_MINOR_CHANGE,0.151,5.984,0,4.132,moved,safe,9,LOW
RESTRICTED_AREA_CHANGE,0.257,7.373,0,2.676,moved,restricted,81,HIGH
AISLE_PATH_BLOCK,0.534,4.274,1,0.078,moved,aisle,82,HIGH
WORK_AREA_NEAR_PATH,0.503,3.575,0,0.324,added,work,58,MEDIUM
RESTRICTED_AREA_CHANGE,0.719,5.535,0,1.105,moved,restricted,65,MEDIUM
AISLE_PATH_BLOCK,0.723,6.876,1,0.023,added,aisle,90,HIGH
WORK_AREA_CHANGE,0.569,7.267,0,0.531,added,work,40,MEDIUM
LARGE_OBJECT_NEAR_PATH,0.631,1.699,0,0.283,added,aisle,64,MEDIUM
STORAGE_NORMAL_CHANGE,0.241,7.476,0,3.01,removed,storage,25,LOW
LARGE_OBJECT_NEAR_PATH,0.602,7.486,0,0.391,added,aisle,55,MEDIUM
STORAGE_NORMAL_CHANGE,0.387,1.039,0,3.369,moved,storage,20,LOW
SAFE_MINOR_CHANGE,0.058,7.391,0,2.818,moved,safe,9,LOW
AISLE_NEAR_PATH,0.43,6.775,0,0.244,added,aisle,55,MEDIUM
SAFE_MINOR_CHANGE,0.028,1.651,0,3.135,added,safe,1,LOW
WORK_AREA_NEAR_PATH,0.208,2.05,0,0.322,moved,work,39,MEDIUM
LARGE_PATH_BLOCK,0.772,5.238,1,0.055,added,aisle,100,HIGH
AISLE_PATH_BLOCK,0.587,6.408,1,0.029,added,aisle,87,HIGH
LARGE_PATH_BLOCK,0.992,7.127,1,0.048,added,aisle,100,HIGH
WORK_AREA_NEAR_PATH,0.43,5.269,0,0.585,moved,work,41,MEDIUM
RESTRICTED_AREA_CHANGE,0.469,2.531,0,1.795,added,restricted,72,HIGH
STORAGE_NORMAL_CHANGE,0.08,4.342,0,2.034,added,storage,18,LOW
SAFE_MINOR_CHANGE,0.196,3.587,0,4.175,moved,safe,1,LOW
STORAGE_NORMAL_CHANGE,0.378,3.809,0,4.507,added,storage,16,LOW
WORK_AREA_NEAR_PATH,0.508,3.361,0,0.171,added,work,50,MEDIUM
RESTRICTED_AREA_CHANGE,0.775,6.862,0,1.978,added,restricted,75,HIGH
STORAGE_NORMAL_CHANGE,0.411,7.198,0,1.044,moved,storage,8,LOW
RESTRICTED_AREA_CHANGE,0.493,7.581,0,0.554,added,restricted,82,HIGH
LARGE_OBJECT_NEAR_PATH,0.804,3.763,0,0.389,added,aisle,55,MEDIUM
RESTRICTED_AREA_CHANGE,0.212,6.43,0,1.797,moved,restricted,69,MEDIUM
RESTRICTED_AREA_CHANGE,0.19,2.511,0,2.856,moved,restricted,69,MEDIUM
LARGE_OBJECT_NEAR_PATH,0.613,4.795,0,0.179,added,aisle,59,MEDIUM
AISLE_NEAR_PATH,0.421,0.815,0,0.293,added,aisle,44,MEDIUM
STORAGE_NORMAL_CHANGE,0.443,4.118,0,4.689,removed,storage,6,LOW
AISLE_NEAR_PATH,0.39,4.843,0,0.435,added,aisle,57,MEDIUM
STORAGE_NORMAL_CHANGE,0.499,5.101,0,4.559,removed,storage,24,LOW
STORAGE_NORMAL_CHANGE,0.223,1.855,0,2.408,added,storage,11,LOW
LARGE_OBJECT_NEAR_PATH,0.774,6.525,0,0.5,added,aisle,69,MEDIUM
LARGE_PATH_BLOCK,0.717,3.806,1,0.077,added,aisle,97,HIGH
RESTRICTED_AREA_CHANGE,0.601,4.344,0,2.65,added,restricted,77,HIGH
LARGE_PATH_BLOCK,0.898,6.418,1,0.097,added,aisle,100,HIGH
LARGE_OBJECT_NEAR_PATH,0.864,0.654,0,0.497,added,aisle,60,MEDIUM
WORK_AREA_CHANGE,0.432,0.752,0,0.913,added,work,22,LOW
LARGE_PATH_BLOCK,0.961,5.453,1,0.004,added,aisle,98,HIGH
WORK_AREA_NEAR_PATH,0.598,7.602,0,0.509,moved,work,52,MEDIUM
AISLE_NEAR_PATH,0.537,3.165,0,0.478,added,aisle,45,MEDIUM
RESTRICTED_AREA_CHANGE,0.485,6.266,0,1.093,added,restricted,80,HIGH
WORK_AREA_CHANGE,0.297,4.741,0,0.659,moved,work,25,LOW
AISLE_PATH_BLOCK,0.763,4.667,1,0.042,moved,aisle,90,HIGH
SAFE_MINOR_CHANGE,0.08,4.546,0,2.354,moved,safe,13,LOW
AISLE_PATH_BLOCK,0.339,6.176,1,0.138,added,aisle,88,HIGH
WORK_AREA_NEAR_PATH,0.659,6.551,0,0.207,moved,work,38,MEDIUM
STORAGE_NORMAL_CHANGE,0.103,2.288,0,3.011,removed,storage,15,LOW
LARGE_OBJECT_NEAR_PATH,0.781,3.146,0,0.191,added,aisle,66,MEDIUM
LARGE_OBJECT_NEAR_PATH,0.877,0.626,0,0.245,added,aisle,55,MEDIUM
WORK_AREA_CHANGE,0.378,1.206,0,0.731,moved,work,44,MEDIUM
AISLE_PATH_BLOCK,0.684,6.034,1,0.132,moved,aisle,93,HIGH
WORK_AREA_CHANGE,0.536,5.593,0,0.636,added,work,35,MEDIUM
AISLE_NEAR_PATH,0.604,6.948,0,0.36,moved,aisle,59,MEDIUM
SAFE_MINOR_CHANGE,0.153,1.392,0,1.344,added,safe,2,LOW
STORAGE_NORMAL_CHANGE,0.156,2.572,0,4.858,moved,storage,10,LOW
SAFE_MINOR_CHANGE,0.117,4.793,0,2.864,moved,safe,8,LOW
AISLE_PATH_BLOCK,0.426,3.078,1,0.072,added,aisle,83,HIGH
LARGE_PATH_BLOCK,0.923,4.037,1,0.068,added,aisle,97,HIGH
SAFE_MINOR_CHANGE,0.033,3.237,0,4.834,added,safe,15,LOW
RESTRICTED_AREA_CHANGE,0.397,7.318,0,0.625,moved,restricted,60,MEDIUM
AISLE_PATH_BLOCK,0.536,4.281,1,0.016,moved,aisle,78,HIGH
AISLE_PATH_BLOCK,0.715,5.505,1,0.056,added,aisle,95,HIGH
AISLE_NEAR_PATH,0.386,5.818,0,0.176,added,aisle,58,MEDIUM
AISLE_PATH_BLOCK,0.771,5.297,1,0.001,moved,aisle,88,HIGH
AISLE_PATH_BLOCK,0.34,6.445,1,0.09,moved,aisle,94,HIGH
WORK_AREA_NEAR_PATH,0.382,4.119,0,0.658,added,work,49,MEDIUM
WORK_AREA_CHANGE,0.587,2.03,0,1.435,moved,work,30,LOW
AISLE_NEAR_PATH,0.481,3.672,0,0.385,moved,aisle,45,MEDIUM
AISLE_PATH_BLOCK,0.301,3.084,1,0.106,added,aisle,83,HIGH
SAFE_MINOR_CHANGE,0.113,4.174,0,3.529,moved,safe,5,LOW
LARGE_PATH_BLOCK,0.847,5.762,1,0.057,added,aisle,91,HIGH
AISLE_PATH_BLOCK,0.388,4.993,1,0.117,added,aisle,87,HIGH
AISLE_NEAR_PATH,0.377,6.094,0,0.322,moved,aisle,57,MEDIUM
AISLE_PATH_BLOCK,0.37,2.788,1,0.054,added,aisle,89,HIGH
WORK_AREA_NEAR_PATH,0.39,4.819,0,0.348,moved,work,50,MEDIUM
RESTRICTED_AREA_CHANGE,0.398,3.129,0,1.262,moved,restricted,69,MEDIUM
AISLE_NEAR_PATH,0.468,5.898,0,0.248,moved,aisle,59,MEDIUM
AISLE_PATH_BLOCK,0.56,6.842,1,0.023,added,aisle,86,HIGH
LARGE_PATH_BLOCK,0.958,3.196,1,0.037,added,aisle,92,HIGH
STORAGE_NORMAL_CHANGE,0.09,0.678,0,1.225,moved,storage,22,LOW
RESTRICTED_AREA_CHANGE,0.211,1.495,0,2.818,added,restricted,83,HIGH
LARGE_PATH_BLOCK,0.959,3.379,1,0.02,added,aisle,90,HIGH
STORAGE_NORMAL_CHANGE,0.352,7.704,0,2.484,moved,storage,13,LOW
STORAGE_NORMAL_CHANGE,0.291,7.741,0,4.854,removed,storage,22,LOW
RESTRICTED_AREA_CHANGE,0.378,5.941,0,1.316,moved,restricted,75,HIGH
LARGE_PATH_BLOCK,0.971,2.22,1,0.079,added,aisle,89,HIGH
LARGE_OBJECT_NEAR_PATH,0.948,3.193,0,0.301,added,aisle,59,MEDIUM
WORK_AREA_NEAR_PATH,0.524,0.804,0,0.423,added,work,52,MEDIUM
RESTRICTED_AREA_CHANGE,0.481,0.804,0,0.769,added,restricted,76,HIGH
AISLE_NEAR_PATH,0.343,6.097,0,0.591,added,aisle,62,MEDIUM
AISLE_PATH_BLOCK,0.377,2.094,1,0.117,added,aisle,86,HIGH
WORK_AREA_NEAR_PATH,0.338,0.727,0,0.599,moved,work,39,MEDIUM
WORK_AREA_CHANGE,0.42,5.57,0,0.997,moved,work,36,MEDIUM
RESTRICTED_AREA_CHANGE,0.263,7.641,0,1.81,added,restricted,83,HIGH
STORAGE_NORMAL_CHANGE,0.311,0.535,0,1.154,removed,storage,19,LOW
AISLE_PATH_BLOCK,0.786,7.689,1,0.033,moved,aisle,75,HIGH
AISLE_NEAR_PATH,0.606,2.868,0,0.23,added,aisle,65,MEDIUM
STORAGE_NORMAL_CHANGE,0.211,3.565,0,2.726,removed,storage,18,LOW
LARGE_OBJECT_NEAR_PATH,0.681,7.085,0,0.392,added,aisle,64,MEDIUM
LARGE_OBJECT_NEAR_PATH,0.988,7.699,0,0.437,added,aisle,70,MEDIUM
AISLE_PATH_BLOCK,0.506,2.06,1,0.028,moved,aisle,85,HIGH
SAFE_MINOR_CHANGE,0.14,1.548,0,1.8,moved,safe,0,NORMAL
WORK_AREA_CHANGE,0.49,2.694,0,1.706,added,work,28,LOW
SAFE_MINOR_CHANGE,0.131,3.075,0,2.682,moved,safe,15,LOW
LARGE_OBJECT_NEAR_PATH,0.946,2.158,0,0.188,added,aisle,57,MEDIUM
SAFE_MINOR_CHANGE,0.027,5.506,0,3.622,moved,safe,10,LOW
AISLE_PATH_BLOCK,0.432,3.98,1,0.113,moved,aisle,77,HIGH
WORK_AREA_CHANGE,0.535,5.738,0,1.511,moved,work,33,MEDIUM
WORK_AREA_NEAR_PATH,0.668,0.53,0,0.229,added,work,41,MEDIUM
LARGE_PATH_BLOCK,0.955,6.507,1,0.016,added,aisle,92,HIGH
SAFE_MINOR_CHANGE,0.107,7.303,0,2.677,added,safe,10,LOW
WORK_AREA_CHANGE,0.105,7.365,0,1.182,added,work,44,MEDIUM
LARGE_PATH_BLOCK,0.859,2.376,1,0.065,added,aisle,91,HIGH
SAFE_MINOR_CHANGE,0.044,7.303,0,1.179,moved,safe,3,LOW
LARGE_OBJECT_NEAR_PATH,0.86,1.331,0,0.319,added,aisle,74,HIGH
STORAGE_NORMAL_CHANGE,0.137,1.275,0,4.465,added,storage,17,LOW
WORK_AREA_CHANGE,0.346,6.297,0,0.907,added,work,32,MEDIUM
AISLE_PATH_BLOCK,0.553,4.616,1,0.031,moved,aisle,83,HIGH
SAFE_MINOR_CHANGE,0.157,3.792,0,4.434,added,safe,11,LOW
STORAGE_NORMAL_CHANGE,0.092,7.624,0,3.994,moved,storage,23,LOW
SAFE_MINOR_CHANGE,0.065,4.176,0,3.346,moved,safe,7,LOW
SAFE_MINOR_CHANGE,0.02,5.122,0,1.169,added,safe,14,LOW
STORAGE_NORMAL_CHANGE,0.22,3.389,0,2.356,moved,storage,11,LOW
SAFE_MINOR_CHANGE,0.063,2.016,0,1.743,added,safe,8,LOW
WORK_AREA_CHANGE,0.409,5.077,0,1.98,moved,work,22,LOW
AISLE_PATH_BLOCK,0.384,3.784,1,0.073,moved,aisle,88,HIGH
LARGE_PATH_BLOCK,0.913,5.831,1,0.085,added,aisle,88,HIGH
AISLE_PATH_BLOCK,0.421,3.868,1,0.122,moved,aisle,83,HIGH
AISLE_NEAR_PATH,0.524,7.218,0,0.236,added,aisle,64,MEDIUM
STORAGE_NORMAL_CHANGE,0.147,4.72,0,4.022,moved,storage,10,LOW
RESTRICTED_AREA_CHANGE,0.266,0.972,0,2.6,added,restricted,74,HIGH
AISLE_NEAR_PATH,0.624,5.511,0,0.569,moved,aisle,55,MEDIUM
AISLE_PATH_BLOCK,0.82,2.353,1,0.062,added,aisle,82,HIGH
AISLE_NEAR_PATH,0.333,5.4,0,0.452,added,aisle,42,MEDIUM
RESTRICTED_AREA_CHANGE,0.122,3.678,0,1.403,moved,restricted,65,MEDIUM
LARGE_PATH_BLOCK,0.814,7.92,1,0.062,added,aisle,89,HIGH
WORK_AREA_CHANGE,0.43,3.738,0,1.622,added,work,31,MEDIUM
WORK_AREA_CHANGE,0.201,5.639,0,1.323,moved,work,44,MEDIUM
SAFE_MINOR_CHANGE,0.122,6.871,0,1.019,added,safe,13,LOW
AISLE_NEAR_PATH,0.47,4.353,0,0.455,moved,aisle,46,MEDIUM
STORAGE_NORMAL_CHANGE,0.325,2.807,0,2.197,removed,storage,5,LOW
WORK_AREA_NEAR_PATH,0.462,7.459,0,0.678,moved,work,38,MEDIUM
STORAGE_NORMAL_CHANGE,0.113,3.808,0,2.657,moved,storage,15,LOW
LARGE_OBJECT_NEAR_PATH,0.796,2.552,0,0.384,added,aisle,60,MEDIUM
RESTRICTED_AREA_CHANGE,0.263,2.168,0,1.33,added,restricted,77,HIGH
SAFE_MINOR_CHANGE,0.038,4.313,0,2.616,moved,safe,7,LOW
WORK_AREA_CHANGE,0.113,6.771,0,0.615,moved,work,25,LOW
SAFE_MINOR_CHANGE,0.132,6.671,0,2.774,added,safe,3,LOW
SAFE_MINOR_CHANGE,0.196,6.515,0,4.118,moved,safe,10,LOW
LARGE_OBJECT_NEAR_PATH,0.684,1.658,0,0.193,added,aisle,56,MEDIUM
STORAGE_NORMAL_CHANGE,0.288,6.746,0,2.213,removed,storage,14,LOW
AISLE_NEAR_PATH,0.271,5.725,0,0.581,moved,aisle,44,MEDIUM
SAFE_MINOR_CHANGE,0.154,3.159,0,4.883,added,safe,14,LOW
AISLE_NEAR_PATH,0.319,2.996,0,0.498,moved,aisle,44,MEDIUM
WORK_AREA_NEAR_PATH,0.361,4.786,0,0.303,moved,work,36,MEDIUM
STORAGE_NORMAL_CHANGE,0.169,7.472,0,1.461,moved,storage,16,LOW
SAFE_MINOR_CHANGE,0.181,7.884,0,4.929,added,safe,15,LOW
WORK_AREA_NEAR_PATH,0.293,4.481,0,0.615,moved,work,36,MEDIUM
STORAGE_NORMAL_CHANGE,0.198,4.269,0,2.671,moved,storage,10,LOW
SAFE_MINOR_CHANGE,0.115,2.058,0,2.013,moved,safe,0,NORMAL
WORK_AREA_CHANGE,0.503,1.151,0,0.567,added,work,45,MEDIUM
RESTRICTED_AREA_CHANGE,0.362,3.599,0,1.985,added,restricted,80,HIGH
WORK_AREA_NEAR_PATH,0.3,0.507,0,0.411,added,work,36,MEDIUM
WORK_AREA_CHANGE,0.145,3.75,0,1.029,moved,work,38,MEDIUM
AISLE_PATH_BLOCK,0.765,7.222,1,0.058,added,aisle,83,HIGH
LARGE_PATH_BLOCK,0.922,5.933,1,0.074,added,aisle,96,HIGH
RESTRICTED_AREA_CHANGE,0.292,0.84,0,1.758,added,restricted,81,HIGH
AISLE_PATH_BLOCK,0.437,5.569,1,0.007,moved,aisle,90,HIGH
RESTRICTED_AREA_CHANGE,0.775,5.675,0,1.899,added,restricted,74,HIGH
WORK_AREA_CHANGE,0.168,3.808,0,1.839,moved,work,20,LOW
AISLE_NEAR_PATH,0.28,2.926,0,0.623,added,aisle,46,MEDIUM
AISLE_PATH_BLOCK,0.73,5.188,1,0.08,moved,aisle,86,HIGH
RESTRICTED_AREA_CHANGE,0.624,5.943,0,2.188,added,restricted,60,MEDIUM
LARGE_OBJECT_NEAR_PATH,0.647,5.122,0,0.362,added,aisle,58,MEDIUM
LARGE_OBJECT_NEAR_PATH,0.821,5.765,0,0.458,added,aisle,59,MEDIUM
LARGE_PATH_BLOCK,0.755,5.296,1,0.021,added,aisle,94,HIGH
SAFE_MINOR_CHANGE,0.036,6.308,0,1.463,added,safe,6,LOW
WORK_AREA_CHANGE,0.246,7.112,0,1.594,moved,work,40,MEDIUM
RESTRICTED_AREA_CHANGE,0.378,3.013,0,2.021,added,restricted,84,HIGH
AISLE_PATH_BLOCK,0.885,6.834,1,0.098,added,aisle,83,HIGH
LARGE_PATH_BLOCK,0.995,3.025,1,0.064,added,aisle,86,HIGH
LARGE_OBJECT_NEAR_PATH,0.734,1.768,0,0.241,added,aisle,65,MEDIUM
AISLE_PATH_BLOCK,0.713,3.613,1,0.101,added,aisle,80,HIGH
STORAGE_NORMAL_CHANGE,0.389,6.649,0,3.104,added,storage,25,LOW
AISLE_NEAR_PATH,0.52,2.991,0,0.604,added,aisle,58,MEDIUM
LARGE_OBJECT_NEAR_PATH,0.9,7.143,0,0.272,added,aisle,70,MEDIUM
AISLE_NEAR_PATH,0.167,4.98,0,0.508,moved,aisle,57,MEDIUM
AISLE_NEAR_PATH,0.206,4.706,0,0.204,added,aisle,42,MEDIUM
WORK_AREA_CHANGE,0.136,7.586,0,1.168,added,work,37,MEDIUM
LARGE_OBJECT_NEAR_PATH,0.845,5.376,0,0.421,added,aisle,68,MEDIUM
WORK_AREA_CHANGE,0.391,4.889,0,1.486,moved,work,38,MEDIUM
STORAGE_NORMAL_CHANGE,0.135,6.464,0,4.843,added,storage,20,LOW
LARGE_OBJECT_NEAR_PATH,0.785,2.16,0,0.358,added,aisle,55,MEDIUM
STORAGE_NORMAL_CHANGE,0.442,5.016,0,1.535,moved,storage,19,LOW
LARGE_PATH_BLOCK,0.855,2.823,1,0.097,added,aisle,87,HIGH
AISLE_NEAR_PATH,0.257,7.094,0,0.231,moved,aisle,40,MEDIUM
LARGE_PATH_BLOCK,0.975,5.206,1,0.003,added,aisle,98,HIGH
WORK_AREA_CHANGE,0.155,5.065,0,1.939,added,work,30,LOW
SAFE_MINOR_CHANGE,0.12,3.102,0,3.364,added,safe,0,NORMAL
AISLE_NEAR_PATH,0.444,7.966,0,0.683,moved,aisle,45,MEDIUM
RESTRICTED_AREA_CHANGE,0.6,1.656,0,0.431,moved,restricted,77,HIGH
SAFE_MINOR_CHANGE,0.058,2.711,0,4.059,added,safe,14,LOW
RESTRICTED_AREA_CHANGE,0.536,2.792,0,0.88,moved,restricted,65,MEDIUM
WORK_AREA_NEAR_PATH,0.256,1.493,0,0.193,moved,work,57,MEDIUM
SAFE_MINOR_CHANGE,0.143,6.785,0,1.161,added,safe,3,LOW
RESTRICTED_AREA_CHANGE,0.394,5.739,0,1.944,moved,restricted,71,HIGH
SAFE_MINOR_CHANGE,0.185,1.741,0,2.139,moved,safe,2,LOW
AISLE_NEAR_PATH,0.511,6.742,0,0.488,moved,aisle,62,MEDIUM
LARGE_PATH_BLOCK,0.858,6.3,1,0.014,added,aisle,90,HIGH
SAFE_MINOR_CHANGE,0.079,1.157,0,1.472,added,safe,15,LOW
AISLE_NEAR_PATH,0.622,0.9,0,0.477,moved,aisle,65,MEDIUM
AISLE_PATH_BLOCK,0.794,7.942,1,0.088,added,aisle,95,HIGH
SAFE_MINOR_CHANGE,0.183,4.903,0,4.401,added,safe,5,LOW
STORAGE_NORMAL_CHANGE,0.189,7.469,0,1.377,removed,storage,25,LOW
WORK_AREA_CHANGE,0.157,4.672,0,1.018,added,work,40,MEDIUM
LARGE_PATH_BLOCK,0.727,4.849,1,0.035,added,aisle,90,HIGH
AISLE_NEAR_PATH,0.673,4.124,0,0.21,added,aisle,57,MEDIUM
SAFE_MINOR_CHANGE,0.036,7.692,0,4.204,added,safe,9,LOW
AISLE_NEAR_PATH,0.429,4.15,0,0.48,moved,aisle,51,MEDIUM
LARGE_PATH_BLOCK,0.738,2.608,1,0.001,added,aisle,86,HIGH
AISLE_PATH_BLOCK,0.731,1.484,1,0.118,added,aisle,90,HIGH
LARGE_PATH_BLOCK,0.717,3.628,1,0.068,added,aisle,85,HIGH
RESTRICTED_AREA_CHANGE,0.456,5.765,0,2.695,moved,restricted,75,HIGH
STORAGE_NORMAL_CHANGE,0.264,5.026,0,1.982,added,storage,5,LOW
LARGE_OBJECT_NEAR_PATH,0.897,7.192,0,0.236,added,aisle,58,MEDIUM
LARGE_PATH_BLOCK,1.0,5.288,1,0.075,added,aisle,90,HIGH
LARGE_PATH_BLOCK,0.753,5.886,1,0.071,added,aisle,93,HIGH
RESTRICTED_AREA_CHANGE,0.25,5.171,0,0.753,moved,restricted,69,MEDIUM
WORK_AREA_CHANGE,0.174,7.35,0,1.277,added,work,28,LOW
WORK_AREA_CHANGE,0.237,6.589,0,1.64,added,work,38,MEDIUM
AISLE_PATH_BLOCK,0.612,0.946,1,0.008,moved,aisle,87,HIGH
LARGE_PATH_BLOCK,0.947,4.555,1,0.019,added,aisle,97,HIGH
AISLE_PATH_BLOCK,0.54,6.001,1,0.025,added,aisle,86,HIGH
LARGE_OBJECT_NEAR_PATH,0.964,3.176,0,0.211,added,aisle,71,HIGH
STORAGE_NORMAL_CHANGE,0.332,2.014,0,4.202,removed,storage,17,LOW
WORK_AREA_CHANGE,0.428,2.076,0,1.969,moved,work,22,LOW
WORK_AREA_NEAR_PATH,0.348,3.094,0,0.585,moved,work,57,MEDIUM
LARGE_OBJECT_NEAR_PATH,0.659,1.845,0,0.413,added,aisle,59,MEDIUM
WORK_AREA_NEAR_PATH,0.654,1.216,0,0.542,added,work,53,MEDIUM
WORK_AREA_NEAR_PATH,0.676,6.487,0,0.638,added,work,45,MEDIUM
WORK_AREA_CHANGE,0.519,4.133,0,0.573,moved,work,20,LOW
AISLE_NEAR_PATH,0.337,0.818,0,0.628,moved,aisle,55,MEDIUM
AISLE_PATH_BLOCK,0.362,7.764,1,0.102,added,aisle,90,HIGH
RESTRICTED_AREA_CHANGE,0.501,3.297,0,0.383,moved,restricted,83,HIGH
WORK_AREA_CHANGE,0.52,3.474,0,1.091,moved,work,26,LOW
STORAGE_NORMAL_CHANGE,0.152,3.784,0,4.783,removed,storage,12,LOW
AISLE_PATH_BLOCK,0.721,6.624,1,0.115,added,aisle,91,HIGH
AISLE_NEAR_PATH,0.622,2.322,0,0.348,moved,aisle,58,MEDIUM
SAFE_MINOR_CHANGE,0.061,1.548,0,2.912,added,safe,6,LOW
SAFE_MINOR_CHANGE,0.028,7.27,0,2.823,moved,safe,3,LOW
STORAGE_NORMAL_CHANGE,0.299,0.659,0,2.265,added,storage,8,LOW
STORAGE_NORMAL_CHANGE,0.386,1.481,0,4.228,removed,storage,24,LOW
WORK_AREA_CHANGE,0.292,7.484,0,0.724,added,work,45,MEDIUM
SAFE_MINOR_CHANGE,0.067,4.164,0,3.651,added,safe,15,LOW
WORK_AREA_CHANGE,0.422,7.625,0,0.928,moved,work,38,MEDIUM
STORAGE_NORMAL_CHANGE,0.167,3.64,0,4.032,added,storage,22,LOW
WORK_AREA_CHANGE,0.11,2.372,0,0.678,moved,work,25,LOW
AISLE_PATH_BLOCK,0.795,2.07,1,0.081,added,aisle,93,HIGH
AISLE_NEAR_PATH,0.604,3.879,0,0.241,moved,aisle,47,MEDIUM
AISLE_PATH_BLOCK,0.802,2.002,1,0.095,added,aisle,87,HIGH
WORK_AREA_CHANGE,0.376,2.088,0,1.729,moved,work,32,MEDIUM
SAFE_MINOR_CHANGE,0.039,5.623,0,3.979,added,safe,15,LOW
AISLE_NEAR_PATH,0.492,2.801,0,0.387,added,aisle,54,MEDIUM
WORK_AREA_CHANGE,0.495,4.927,0,0.72,moved,work,39,MEDIUM
WORK_AREA_NEAR_PATH,0.259,7.135,0,0.246,moved,work,37,MEDIUM
STORAGE_NORMAL_CHANGE,0.492,5.054,0,2.7,removed,storage,12,LOW
LARGE_OBJECT_NEAR_PATH,0.771,3.027,0,0.203,added,aisle,67,MEDIUM
SAFE_MINOR_CHANGE,0.152,2.468,0,4.747,moved,safe,3,LOW
AISLE_PATH_BLOCK,0.403,5.578,1,0.004,added,aisle,78,HIGH
SAFE_MINOR_CHANGE,0.125,6.511,0,1.954,added,safe,13,LOW
STORAGE_NORMAL_CHANGE,0.291,7.368,0,3.27,removed,storage,13,LOW
WORK_AREA_NEAR_PATH,0.667,6.409,0,0.619,moved,work,45,MEDIUM
SAFE_MINOR_CHANGE,0.057,1.709,0,4.76,added,safe,14,LOW
SAFE_MINOR_CHANGE,0.173,7.344,0,1.849,added,safe,7,LOW
WORK_AREA_NEAR_PATH,0.611,1.093,0,0.419,moved,work,36,MEDIUM
AISLE_PATH_BLOCK,0.676,3.623,1,0.037,added,aisle,90,HIGH
RESTRICTED_AREA_CHANGE,0.481,6.17,0,2.836,added,restricted,64,MEDIUM
WORK_AREA_CHANGE,0.455,7.884,0,1.517,added,work,21,LOW
WORK_AREA_NEAR_PATH,0.621,7.365,0,0.317,moved,work,39,MEDIUM
AISLE_PATH_BLOCK,0.842,7.12,1,0.121,moved,aisle,79,HIGH
RESTRICTED_AREA_CHANGE,0.657,7.67,0,0.653,added,restricted,82,HIGH
LARGE_OBJECT_NEAR_PATH,0.77,2.482,0,0.363,added,aisle,75,HIGH
WORK_AREA_NEAR_PATH,0.434,4.967,0,0.656,added,work,44,MEDIUM
RESTRICTED_AREA_CHANGE,0.14,3.494,0,2.613,moved,restricted,70,MEDIUM
RESTRICTED_AREA_CHANGE,0.732,3.83,0,1.376,added,restricted,83,HIGH
LARGE_PATH_BLOCK,0.867,2.194,1,0.067,added,aisle,94,HIGH
STORAGE_NORMAL_CHANGE,0.244,0.769,0,3.138,moved,storage,25,LOW
STORAGE_NORMAL_CHANGE,0.307,2.104,0,4.6,moved,storage,12,LOW
SAFE_MINOR_CHANGE,0.121,6.013,0,2.184,moved,safe,5,LOW
WORK_AREA_CHANGE,0.448,6.942,0,0.683,added,work,44,MEDIUM
LARGE_OBJECT_NEAR_PATH,0.698,0.541,0,0.337,added,aisle,55,MEDIUM
AISLE_PATH_BLOCK,0.583,3.234,1,0.094,added,aisle,92,HIGH
AISLE_NEAR_PATH,0.691,5.645,0,0.207,added,aisle,45,MEDIUM
STORAGE_NORMAL_CHANGE,0.496,7.464,0,3.017,removed,storage,16,LOW
AISLE_PATH_BLOCK,0.569,6.514,1,0.062,moved,aisle,75,HIGH
AISLE_PATH_BLOCK,0.445,3.072,1,0.106,moved,aisle,91,HIGH
WORK_AREA_CHANGE,0.308,4.531,0,1.231,added,work,22,LOW
AISLE_NEAR_PATH,0.45,1.065,0,0.517,added,aisle,48,MEDIUM
AISLE_PATH_BLOCK,0.746,7.618,1,0.069,moved,aisle,75,HIGH
RESTRICTED_AREA_CHANGE,0.264,0.577,0,1.217,moved,restricted,66,MEDIUM
AISLE_NEAR_PATH,0.445,3.609,0,0.647,added,aisle,61,MEDIUM
WORK_AREA_NEAR_PATH,0.422,4.92,0,0.443,added,work,52,MEDIUM
AISLE_PATH_BLOCK,0.776,4.173,1,0.022,added,aisle,82,HIGH
SAFE_MINOR_CHANGE,0.168,6.476,0,1.931,added,safe,8,LOW
LARGE_PATH_BLOCK,0.79,3.326,1,0.099,added,aisle,91,HIGH
WORK_AREA_CHANGE,0.243,6.044,0,0.858,moved,work,37,MEDIUM
SAFE_MINOR_CHANGE,0.073,7.238,0,4.05,moved,safe,4,LOW
WORK_AREA_CHANGE,0.346,6.544,0,1.843,moved,work,21,LOW
LARGE_PATH_BLOCK,0.714,2.561,1,0.048,added,aisle,86,HIGH
RESTRICTED_AREA_CHANGE,0.8,6.27,0,1.751,added,restricted,66,MEDIUM
LARGE_PATH_BLOCK,0.902,5.563,1,0.014,added,aisle,93,HIGH
SAFE_MINOR_CHANGE,0.136,1.339,0,4.33,moved,safe,2,LOW
LARGE_OBJECT_NEAR_PATH,0.79,6.648,0,0.287,added,aisle,72,HIGH
RESTRICTED_AREA_CHANGE,0.368,5.419,0,1.877,added,restricted,61,MEDIUM
STORAGE_NORMAL_CHANGE,0.148,4.368,0,4.745,removed,storage,25,LOW
RESTRICTED_AREA_CHANGE,0.332,5.192,0,0.827,moved,restricted,66,MEDIUM
LARGE_OBJECT_NEAR_PATH,0.888,3.188,0,0.249,added,aisle,71,HIGH
RESTRICTED_AREA_CHANGE,0.36,7.293,0,2.517,added,restricted,81,HIGH
AISLE_NEAR_PATH,0.419,5.103,0,0.385,moved,aisle,60,MEDIUM
RESTRICTED_AREA_CHANGE,0.582,4.353,0,1.913,added,restricted,66,MEDIUM
SAFE_MINOR_CHANGE,0.188,3.784,0,2.533,added,safe,11,LOW
WORK_AREA_CHANGE,0.32,2.514,0,0.707,added,work,38,MEDIUM
AISLE_NEAR_PATH,0.376,3.516,0,0.248,moved,aisle,50,MEDIUM
AISLE_PATH_BLOCK,0.644,2.13,1,0.15,added,aisle,78,HIGH
WORK_AREA_CHANGE,0.29,7.432,0,1.647,added,work,31,MEDIUM
SAFE_MINOR_CHANGE,0.172,1.664,0,3.938,added,safe,3,LOW
LARGE_PATH_BLOCK,0.779,4.192,1,0.056,added,aisle,98,HIGH
RESTRICTED_AREA_CHANGE,0.653,1.599,0,2.472,moved,restricted,64,MEDIUM
LARGE_OBJECT_NEAR_PATH,0.758,1.219,0,0.348,added,aisle,67,MEDIUM
SAFE_MINOR_CHANGE,0.07,7.647,0,2.164,moved,safe,8,LOW
LARGE_OBJECT_NEAR_PATH,0.91,5.927,0,0.4,added,aisle,75,HIGH
SAFE_MINOR_CHANGE,0.15,7.148,0,4.684,moved,safe,8,LOW
SAFE_MINOR_CHANGE,0.177,4.522,0,3.487,added,safe,4,LOW
AISLE_NEAR_PATH,0.435,6.855,0,0.165,moved,aisle,60,MEDIUM
SAFE_MINOR_CHANGE,0.033,4.297,0,3.777,moved,safe,9,LOW
LARGE_OBJECT_NEAR_PATH,0.864,1.98,0,0.18,added,aisle,74,HIGH
STORAGE_NORMAL_CHANGE,0.403,7.757,0,4.353,added,storage,7,LOW
SAFE_MINOR_CHANGE,0.02,4.934,0,3.723,moved,safe,6,LOW
WORK_AREA_NEAR_PATH,0.455,0.77,0,0.423,added,work,41,MEDIUM
RESTRICTED_AREA_CHANGE,0.126,1.682,0,2.873,moved,restricted,74,HIGH
AISLE_PATH_BLOCK,0.397,4.991,1,0.102,added,aisle,80,HIGH
AISLE_PATH_BLOCK,0.678,4.346,1,0.114,added,aisle,80,HIGH
AISLE_PATH_BLOCK,0.653,6.757,1,0.14,moved,aisle,92,HIGH
AISLE_NEAR_PATH,0.218,7.255,0,0.62,moved,aisle,41,MEDIUM
SAFE_MINOR_CHANGE,0.031,3.384,0,1.242,moved,safe,11,LOW
SAFE_MINOR_CHANGE,0.154,3.753,0,2.877,moved,safe,2,LOW
WORK_AREA_CHANGE,0.535,7.121,0,1.927,added,work,31,MEDIUM
WORK_AREA_CHANGE,0.129,1.104,0,1.591,added,work,42,MEDIUM
SAFE_MINOR_CHANGE,0.157,2.832,0,3.751,added,safe,11,LOW
SAFE_MINOR_CHANGE,0.184,4.107,0,2.313,added,safe,8,LOW
LARGE_OBJECT_NEAR_PATH,0.8,4.411,0,0.207,added,aisle,62,MEDIUM
AISLE_PATH_BLOCK,0.578,2.694,1,0.078,moved,aisle,80,HIGH
WORK_AREA_CHANGE,0.227,2.226,0,1.978,added,work,38,MEDIUM
STORAGE_NORMAL_CHANGE,0.446,2.528,0,4.575,removed,storage,13,LOW
WORK_AREA_NEAR_PATH,0.525,4.805,0,0.236,moved,work,46,MEDIUM
RESTRICTED_AREA_CHANGE,0.785,7.918,0,0.868,moved,restricted,75,HIGH
SAFE_MINOR_CHANGE,0.062,7.149,0,1.75,moved,safe,1,LOW
SAFE_MINOR_CHANGE,0.161,2.09,0,4.695,moved,safe,7,LOW
AISLE_NEAR_PATH,0.23,1.598,0,0.481,added,aisle,63,MEDIUM
RESTRICTED_AREA_CHANGE,0.751,3.711,0,2.059,moved,restricted,70,MEDIUM
STORAGE_NORMAL_CHANGE,0.161,6.816,0,2.321,removed,storage,19,LOW
AISLE_NEAR_PATH,0.512,3.702,0,0.552,added,aisle,42,MEDIUM
AISLE_NEAR_PATH,0.172,7.385,0,0.374,moved,aisle,48,MEDIUM
LARGE_PATH_BLOCK,0.941,5.883,1,0.066,added,aisle,98,HIGH
STORAGE_NORMAL_CHANGE,0.449,2.119,0,3.125,moved,storage,21,LOW
STORAGE_NORMAL_CHANGE,0.319,7.236,0,4.98,removed,storage,6,LOW
AISLE_PATH_BLOCK,0.865,1.182,1,0.023,added,aisle,95,HIGH
LARGE_PATH_BLOCK,0.993,2.598,1,0.031,added,aisle,90,HIGH
RESTRICTED_AREA_CHANGE,0.593,6.65,0,1.557,moved,restricted,85,HIGH
WORK_AREA_CHANGE,0.559,2.365,0,1.83,added,work,22,LOW
STORAGE_NORMAL_CHANGE,0.186,3.27,0,1.944,moved,storage,21,LOW
SAFE_MINOR_CHANGE,0.06,6.849,0,1.718,moved,safe,6,LOW
AISLE_PATH_BLOCK,0.317,2.397,1,0.056,added,aisle,87,HIGH
RESTRICTED_AREA_CHANGE,0.585,6.85,0,1.76,moved,restricted,66,MEDIUM
SAFE_MINOR_CHANGE,0.014,3.5,0,4.5,moved,safe,9,LOW
WORK_AREA_CHANGE,0.211,1.354,0,1.489,added,work,40,MEDIUM
STORAGE_NORMAL_CHANGE,0.264,3.871,0,3.562,added,storage,9,LOW
WORK_AREA_CHANGE,0.538,7.902,0,1.812,added,work,24,LOW
SAFE_MINOR_CHANGE,0.131,0.517,0,4.973,added,safe,4,LOW
LARGE_OBJECT_NEAR_PATH,0.698,7.137,0,0.198,added,aisle,68,MEDIUM
AISLE_PATH_BLOCK,0.824,4.704,1,0.061,added,aisle,76,HIGH
AISLE_PATH_BLOCK,0.634,7.776,1,0.047,moved,aisle,85,HIGH
LARGE_PATH_BLOCK,0.815,3.987,1,0.042,added,aisle,86,HIGH
STORAGE_NORMAL_CHANGE,0.147,5.667,0,4.639,added,storage,11,LOW
AISLE_NEAR_PATH,0.484,1.823,0,0.542,moved,aisle,47,MEDIUM
WORK_AREA_CHANGE,0.307,1.429,0,1.116,moved,work,34,MEDIUM
LARGE_PATH_BLOCK,0.723,2.142,1,0.079,added,aisle,95,HIGH
AISLE_PATH_BLOCK,0.661,0.838,1,0.128,added,aisle,75,HIGH
RESTRICTED_AREA_CHANGE,0.688,3.933,0,2.814,moved,restricted,65,MEDIUM
RESTRICTED_AREA_CHANGE,0.769,4.539,0,2.274,moved,restricted,80,HIGH
WORK_AREA_NEAR_PATH,0.217,2.609,0,0.513,moved,work,38,MEDIUM
SAFE_MINOR_CHANGE,0.13,2.661,0,3.94,added,safe,3,LOW
AISLE_PATH_BLOCK,0.87,4.434,1,0.003,moved,aisle,80,HIGH
AISLE_NEAR_PATH,0.357,2.996,0,0.299,moved,aisle,54,MEDIUM
RESTRICTED_AREA_CHANGE,0.298,4.223,0,2.322,added,restricted,64,MEDIUM
LARGE_OBJECT_NEAR_PATH,0.946,4.353,0,0.239,added,aisle,70,MEDIUM
RESTRICTED_AREA_CHANGE,0.483,6.798,0,1.869,moved,restricted,72,HIGH
STORAGE_NORMAL_CHANGE,0.312,0.663,0,4.395,added,storage,8,LOW
STORAGE_NORMAL_CHANGE,0.166,4.284,0,4.438,added,storage,14,LOW
STORAGE_NORMAL_CHANGE,0.052,4.784,0,4.976,removed,storage,5,LOW
STORAGE_NORMAL_CHANGE,0.402,6.11,0,4.26,added,storage,14,LOW
AISLE_PATH_BLOCK,0.433,6.089,1,0.039,moved,aisle,78,HIGH
LARGE_OBJECT_NEAR_PATH,0.7,6.02,0,0.484,added,aisle,72,HIGH
LARGE_PATH_BLOCK,0.857,7.304,1,0.031,added,aisle,86,HIGH
WORK_AREA_CHANGE,0.519,1.106,0,1.823,added,work,40,MEDIUM
AISLE_NEAR_PATH,0.237,1.693,0,0.417,moved,aisle,46,MEDIUM
SAFE_MINOR_CHANGE,0.081,3.694,0,3.608,moved,safe,13,LOW
WORK_AREA_CHANGE,0.353,1.256,0,1.488,moved,work,23,LOW
LARGE_PATH_BLOCK,0.723,4.923,1,0.002,added,aisle,87,HIGH
AISLE_NEAR_PATH,0.238,7.852,0,0.274,moved,aisle,50,MEDIUM
SAFE_MINOR_CHANGE,0.056,1.242,0,4.014,moved,safe,14,LOW
STORAGE_NORMAL_CHANGE,0.342,6.363,0,2.713,moved,storage,18,LOW
RESTRICTED_AREA_CHANGE,0.338,6.229,0,2.266,added,restricted,75,HIGH
AISLE_PATH_BLOCK,0.469,7.826,1,0.005,added,aisle,83,HIGH
LARGE_PATH_BLOCK,0.742,2.244,1,0.097,added,aisle,100,HIGH
AISLE_PATH_BLOCK,0.304,6.08,1,0.147,moved,aisle,95,HIGH
LARGE_PATH_BLOCK,0.877,3.772,1,0.025,added,aisle,86,HIGH
SAFE_MINOR_CHANGE,0.035,4.068,0,1.908,moved,safe,10,LOW
RESTRICTED_AREA_CHANGE,0.763,7.264,0,0.432,added,restricted,81,HIGH
RESTRICTED_AREA_CHANGE,0.104,7.867,0,1.938,moved,restricted,70,MEDIUM
WORK_AREA_CHANGE,0.331,6.698,0,1.526,added,work,36,MEDIUM
SAFE_MINOR_CHANGE,0.18,6.122,0,4.967,added,safe,8,LOW
LARGE_OBJECT_NEAR_PATH,0.607,6.189,0,0.302,added,aisle,59,MEDIUM
STORAGE_NORMAL_CHANGE,0.469,4.234,0,3.572,added,storage,23,LOW
LARGE_OBJECT_NEAR_PATH,0.935,4.705,0,0.327,added,aisle,56,MEDIUM
WORK_AREA_NEAR_PATH,0.35,0.855,0,0.164,added,work,46,MEDIUM
RESTRICTED_AREA_CHANGE,0.139,3.043,0,0.665,added,restricted,72,HIGH
AISLE_PATH_BLOCK,0.663,4.451,1,0.024,added,aisle,94,HIGH
AISLE_NEAR_PATH,0.271,4.298,0,0.639,moved,aisle,60,MEDIUM
RESTRICTED_AREA_CHANGE,0.181,0.519,0,1.642,moved,restricted,84,HIGH
WORK_AREA_CHANGE,0.179,0.589,0,0.872,moved,work,43,MEDIUM
SAFE_MINOR_CHANGE,0.03,7.37,0,1.921,added,safe,0,NORMAL
WORK_AREA_CHANGE,0.376,3.571,0,1.329,moved,work,31,MEDIUM
STORAGE_NORMAL_CHANGE,0.094,2.569,0,2.657,removed,storage,5,LOW
AISLE_PATH_BLOCK,0.536,1.398,1,0.036,moved,aisle,81,HIGH
AISLE_NEAR_PATH,0.636,7.344,0,0.634,moved,aisle,43,MEDIUM
WORK_AREA_NEAR_PATH,0.539,6.43,0,0.617,moved,work,60,MEDIUM
WORK_AREA_NEAR_PATH,0.698,1.644,0,0.435,moved,work,47,MEDIUM
STORAGE_NORMAL_CHANGE,0.454,4.067,0,1.241,removed,storage,22,LOW
WORK_AREA_CHANGE,0.387,4.005,0,1.421,moved,work,31,MEDIUM
STORAGE_NORMAL_CHANGE,0.401,3.846,0,4.723,removed,storage,17,LOW
WORK_AREA_NEAR_PATH,0.51,4.003,0,0.354,moved,work,40,MEDIUM
AISLE_NEAR_PATH,0.332,1.915,0,0.55,added,aisle,52,MEDIUM
WORK_AREA_NEAR_PATH,0.395,4.467,0,0.168,added,work,44,MEDIUM
STORAGE_NORMAL_CHANGE,0.277,5.275,0,2.633,removed,storage,20,LOW
AISLE_NEAR_PATH,0.544,7.629,0,0.463,added,aisle,47,MEDIUM
AISLE_PATH_BLOCK,0.691,1.211,1,0.118,moved,aisle,82,HIGH
LARGE_OBJECT_NEAR_PATH,0.757,3.711,0,0.299,added,aisle,63,MEDIUM
AISLE_NEAR_PATH,0.499,5.069,0,0.389,added,aisle,48,MEDIUM
RESTRICTED_AREA_CHANGE,0.589,1.721,0,2.863,added,restricted,77,HIGH
LARGE_OBJECT_NEAR_PATH,0.794,0.831,0,0.295,added,aisle,59,MEDIUM
AISLE_PATH_BLOCK,0.541,7.879,1,0.113,added,aisle,95,HIGH
AISLE_NEAR_PATH,0.27,5.472,0,0.572,moved,aisle,44,MEDIUM
LARGE_OBJECT_NEAR_PATH,0.649,5.913,0,0.345,added,aisle,62,MEDIUM
AISLE_NEAR_PATH,0.536,3.521,0,0.279,moved,aisle,53,MEDIUM
LARGE_PATH_BLOCK,0.837,4.364,1,0.079,added,aisle,88,HIGH
SAFE_MINOR_CHANGE,0.082,5.643,0,2.188,moved,safe,15,LOW
WORK_AREA_NEAR_PATH,0.628,5.964,0,0.409,moved,work,41,MEDIUM
WORK_AREA_CHANGE,0.151,2.816,0,1.348,added,work,21,LOW
RESTRICTED_AREA_CHANGE,0.598,0.882,0,2.687,added,restricted,81,HIGH
AISLE_PATH_BLOCK,0.766,1.216,1,0.111,added,aisle,80,HIGH
AISLE_PATH_BLOCK,0.593,1.677,1,0.146,moved,aisle,90,HIGH
SAFE_MINOR_CHANGE,0.084,5.307,0,1.043,moved,safe,3,LOW
WORK_AREA_NEAR_PATH,0.695,2.32,0,0.301,moved,work,56,MEDIUM
WORK_AREA_NEAR_PATH,0.487,4.844,0,0.242,moved,work,60,MEDIUM
WORK_AREA_NEAR_PATH,0.696,6.158,0,0.619,moved,work,56,MEDIUM
WORK_AREA_CHANGE,0.39,4.187,0,1.23,added,work,45,MEDIUM
LARGE_OBJECT_NEAR_PATH,0.84,1.136,0,0.284,added,aisle,62,MEDIUM
AISLE_NEAR_PATH,0.405,5.227,0,0.163,moved,aisle,47,MEDIUM
STORAGE_NORMAL_CHANGE,0.176,0.74,0,3.458,added,storage,12,LOW
LARGE_PATH_BLOCK,0.743,1.949,1,0.068,added,aisle,98,HIGH
RESTRICTED_AREA_CHANGE,0.523,3.032,0,1.004,added,restricted,78,HIGH
RESTRICTED_AREA_CHANGE,0.416,6.881,0,0.364,moved,restricted,81,HIGH
AISLE_NEAR_PATH,0.314,5.05,0,0.353,moved,aisle,40,MEDIUM
WORK_AREA_CHANGE,0.51,2.425,0,1.618,added,work,21,LOW
WORK_AREA_CHANGE,0.373,5.125,0,0.938,added,work,21,LOW
LARGE_PATH_BLOCK,0.973,2.869,1,0.069,added,aisle,100,HIGH
LARGE_OBJECT_NEAR_PATH,0.927,2.046,0,0.269,added,aisle,55,MEDIUM
AISLE_PATH_BLOCK,0.823,3.116,1,0.129,added,aisle,95,HIGH
AISLE_PATH_BLOCK,0.32,6.761,1,0.129,moved,aisle,94,HIGH
AISLE_PATH_BLOCK,0.77,3.084,1,0.142,moved,aisle,80,HIGH
WORK_AREA_CHANGE,0.433,3.134,0,1.83,moved,work,41,MEDIUM
SAFE_MINOR_CHANGE,0.153,4.556,0,2.138,added,safe,14,LOW
SAFE_MINOR_CHANGE,0.037,4.655,0,1.434,moved,safe,10,LOW
LARGE_PATH_BLOCK,0.94,1.769,1,0.075,added,aisle,88,HIGH
WORK_AREA_CHANGE,0.508,2.906,0,1.637,added,work,44,MEDIUM
SAFE_MINOR_CHANGE,0.187,1.398,0,1.468,moved,safe,1,LOW
AISLE_NEAR_PATH,0.543,2.56,0,0.516,added,aisle,58,MEDIUM
AISLE_PATH_BLOCK,0.667,1.435,1,0.024,moved,aisle,81,HIGH
RESTRICTED_AREA_CHANGE,0.235,1.741,0,1.883,added,restricted,71,HIGH
WORK_AREA_NEAR_PATH,0.308,7.54,0,0.501,moved,work,58,MEDIUM
AISLE_NEAR_PATH,0.695,2.311,0,0.294,moved,aisle,42,MEDIUM
SAFE_MINOR_CHANGE,0.03,7.28,0,4.462,moved,safe,12,LOW
STORAGE_NORMAL_CHANGE,0.178,6.407,0,3.529,added,storage,24,LOW
LARGE_OBJECT_NEAR_PATH,0.871,0.953,0,0.458,added,aisle,68,MEDIUM
STORAGE_NORMAL_CHANGE,0.178,3.013,0,4.383,removed,storage,15,LOW
AISLE_PATH_BLOCK,0.82,2.28,1,0.089,added,aisle,78,HIGH
RESTRICTED_AREA_CHANGE,0.597,6.176,0,1.36,added,restricted,77,HIGH
AISLE_NEAR_PATH,0.343,1.821,0,0.514,added,aisle,62,MEDIUM
LARGE_OBJECT_NEAR_PATH,0.69,2.666,0,0.198,added,aisle,65,MEDIUM
LARGE_PATH_BLOCK,0.769,2.913,1,0.064,added,aisle,90,HIGH
RESTRICTED_AREA_CHANGE,0.537,7.802,0,2.653,moved,restricted,65,MEDIUM
LARGE_OBJECT_NEAR_PATH,0.676,1.675,0,0.184,added,aisle,64,MEDIUM
AISLE_NEAR_PATH,0.393,5.265,0,0.388,moved,aisle,46,MEDIUM
AISLE_NEAR_PATH,0.265,5.72,0,0.291,moved,aisle,63,MEDIUM
AISLE_PATH_BLOCK,0.304,3.084,1,0.066,moved,aisle,84,HIGH
LARGE_OBJECT_NEAR_PATH,0.765,6.887,0,0.236,added,aisle,55,MEDIUM
WORK_AREA_NEAR_PATH,0.268,5.634,0,0.42,moved,work,35,MEDIUM
LARGE_OBJECT_NEAR_PATH,0.731,7.388,0,0.407,added,aisle,71,HIGH
WORK_AREA_NEAR_PATH,0.482,0.962,0,0.387,added,work,45,MEDIUM
WORK_AREA_CHANGE,0.515,4.956,0,0.867,added,work,39,MEDIUM
SAFE_MINOR_CHANGE,0.189,1.405,0,4.584,moved,safe,1,LOW
WORK_AREA_CHANGE,0.283,5.73,0,1.391,moved,work,25,LOW
LARGE_PATH_BLOCK,0.93,6.762,1,0.04,added,aisle,99,HIGH
WORK_AREA_NEAR_PATH,0.255,5.171,0,0.617,moved,work,43,MEDIUM
LARGE_PATH_BLOCK,0.974,6.776,1,0.097,added,aisle,91,HIGH
AISLE_NEAR_PATH,0.191,0.581,0,0.218,moved,aisle,44,MEDIUM
WORK_AREA_NEAR_PATH,0.68,7.158,0,0.306,moved,work,56,MEDIUM
AISLE_PATH_BLOCK,0.47,2.238,1,0.119,added,aisle,84,HIGH
WORK_AREA_NEAR_PATH,0.298,6.501,0,0.337,added,work,38,MEDIUM
WORK_AREA_NEAR_PATH,0.637,2.553,0,0.237,added,work,42,MEDIUM
AISLE_NEAR_PATH,0.491,6.494,0,0.362,added,aisle,41,MEDIUM
AISLE_PATH_BLOCK,0.536,1.948,1,0.089,added,aisle,77,HIGH
WORK_AREA_CHANGE,0.214,4.941,0,0.732,added,work,27,LOW
SAFE_MINOR_CHANGE,0.102,6.265,0,4.408,added,safe,8,LOW
LARGE_PATH_BLOCK,0.701,2.269,1,0.019,added,aisle,92,HIGH
WORK_AREA_CHANGE,0.134,6.758,0,1.285,added,work,43,MEDIUM
WORK_AREA_CHANGE,0.565,0.772,0,1.432,moved,work,31,MEDIUM
LARGE_PATH_BLOCK,0.785,2.839,1,0.1,added,aisle,87,HIGH
SAFE_MINOR_CHANGE,0.183,2.019,0,3.168,moved,safe,11,LOW
SAFE_MINOR_CHANGE,0.158,1.509,0,3.144,added,safe,8,LOW
STORAGE_NORMAL_CHANGE,0.45,2.858,0,2.607,removed,storage,10,LOW
AISLE_PATH_BLOCK,0.727,6.621,1,0.045,added,aisle,95,HIGH
AISLE_PATH_BLOCK,0.716,6.924,1,0.117,moved,aisle,86,HIGH
LARGE_PATH_BLOCK,0.851,0.579,1,0.09,added,aisle,90,HIGH
STORAGE_NORMAL_CHANGE,0.323,7.541,0,2.379,removed,storage,16,LOW
AISLE_NEAR_PATH,0.527,1.33,0,0.208,moved,aisle,59,MEDIUM
AISLE_PATH_BLOCK,0.628,1.882,1,0.132,added,aisle,95,HIGH
RESTRICTED_AREA_CHANGE,0.127,7.297,0,2.873,added,restricted,60,MEDIUM
STORAGE_NORMAL_CHANGE,0.431,2.282,0,1.602,moved,storage,5,LOW
AISLE_PATH_BLOCK,0.541,7.362,1,0.052,moved,aisle,80,HIGH
AISLE_NEAR_PATH,0.18,6.996,0,0.162,moved,aisle,53,MEDIUM
RESTRICTED_AREA_CHANGE,0.317,5.576,0,0.667,added,restricted,66,MEDIUM
WORK_AREA_CHANGE,0.204,4.238,0,1.382,moved,work,20,LOW
LARGE_OBJECT_NEAR_PATH,0.738,5.739,0,0.493,added,aisle,63,MEDIUM
SAFE_MINOR_CHANGE,0.1,2.502,0,2.326,moved,safe,8,LOW
AISLE_PATH_BLOCK,0.477,4.259,1,0.049,added,aisle,95,HIGH
AISLE_PATH_BLOCK,0.693,7.75,1,0.051,added,aisle,86,HIGH
LARGE_PATH_BLOCK,0.927,7.431,1,0.079,added,aisle,87,HIGH
WORK_AREA_NEAR_PATH,0.474,6.649,0,0.431,added,work,47,MEDIUM
LARGE_OBJECT_NEAR_PATH,0.751,6.749,0,0.222,added,aisle,67,MEDIUM
WORK_AREA_NEAR_PATH,0.344,4.502,0,0.439,moved,work,57,MEDIUM
AISLE_PATH_BLOCK,0.314,6.414,1,0.136,moved,aisle,93,HIGH
RESTRICTED_AREA_CHANGE,0.423,1.224,0,0.585,moved,restricted,65,MEDIUM
WORK_AREA_CHANGE,0.444,4.496,0,1.082,moved,work,41,MEDIUM
WORK_AREA_CHANGE,0.367,5.551,0,1.184,added,work,24,LOW
STORAGE_NORMAL_CHANGE,0.458,6.52,0,2.064,moved,storage,10,LOW
LARGE_OBJECT_NEAR_PATH,0.654,4.779,0,0.433,added,aisle,57,MEDIUM
LARGE_OBJECT_NEAR_PATH,0.618,2.147,0,0.27,added,aisle,64,MEDIUM
WORK_AREA_CHANGE,0.571,2.894,0,0.884,moved,work,45,MEDIUM
WORK_AREA_CHANGE,0.211,6.005,0,1.741,added,work,35,MEDIUM
SAFE_MINOR_CHANGE,0.196,3.939,0,4.136,added,safe,10,LOW
STORAGE_NORMAL_CHANGE,0.073,7.006,0,2.223,added,storage,17,LOW
LARGE_OBJECT_NEAR_PATH,0.942,4.813,0,0.323,added,aisle,61,MEDIUM
LARGE_PATH_BLOCK,0.955,3.098,1,0.051,added,aisle,96,HIGH
SAFE_MINOR_CHANGE,0.155,6.494,0,2.969,added,safe,9,LOW
RESTRICTED_AREA_CHANGE,0.478,3.439,0,0.988,moved,restricted,79,HIGH
WORK_AREA_CHANGE,0.481,5.736,0,0.918,moved,work,38,MEDIUM
LARGE_OBJECT_NEAR_PATH,0.899,4.04,0,0.403,added,aisle,71,HIGH
SAFE_MINOR_CHANGE,0.168,6.536,0,2.55,moved,safe,4,LOW
SAFE_MINOR_CHANGE,0.098,3.686,0,1.206,added,safe,10,LOW
WORK_AREA_NEAR_PATH,0.543,4.339,0,0.383,added,work,56,MEDIUM
WORK_AREA_NEAR_PATH,0.419,2.544,0,0.512,added,work,49,MEDIUM
AISLE_NEAR_PATH,0.194,7.332,0,0.56,added,aisle,64,MEDIUM
LARGE_PATH_BLOCK,0.908,7.407,1,0.023,added,aisle,90,HIGH
LARGE_PATH_BLOCK,0.948,5.416,1,0.08,added,aisle,93,HIGH
LARGE_PATH_BLOCK,0.804,5.953,1,0.054,added,aisle,87,HIGH
LARGE_OBJECT_NEAR_PATH,0.935,4.744,0,0.374,added,aisle,55,MEDIUM
AISLE_PATH_BLOCK,0.316,5.716,1,0.074,moved,aisle,88,HIGH
LARGE_OBJECT_NEAR_PATH,0.751,4.998,0,0.486,added,aisle,65,MEDIUM
WORK_AREA_CHANGE,0.539,6.594,0,1.274,added,work,26,LOW
AISLE_PATH_BLOCK,0.766,5.703,1,0.02,added,aisle,87,HIGH
WORK_AREA_CHANGE,0.483,6.44,0,1.103,moved,work,38,MEDIUM
STORAGE_NORMAL_CHANGE,0.328,7.45,0,2.032,added,storage,19,LOW
LARGE_OBJECT_NEAR_PATH,0.622,0.539,0,0.17,added,aisle,74,HIGH
STORAGE_NORMAL_CHANGE,0.095,6.582,0,2.927,added,storage,16,LOW
STORAGE_NORMAL_CHANGE,0.475,2.494,0,3.016,added,storage,6,LOW
AISLE_NEAR_PATH,0.688,3.978,0,0.389,moved,aisle,50,MEDIUM
WORK_AREA_NEAR_PATH,0.683,5.777,0,0.239,added,work,50,MEDIUM
LARGE_PATH_BLOCK,0.712,1.218,1,0.097,added,aisle,94,HIGH
LARGE_OBJECT_NEAR_PATH,0.727,5.219,0,0.359,added,aisle,71,HIGH
LARGE_OBJECT_NEAR_PATH,0.946,6.065,0,0.41,added,aisle,63,MEDIUM
RESTRICTED_AREA_CHANGE,0.555,7.271,0,2.461,added,restricted,81,HIGH
STORAGE_NORMAL_CHANGE,0.213,3.436,0,1.359,removed,storage,6,LOW
LARGE_PATH_BLOCK,0.912,0.51,1,0.002,added,aisle,100,HIGH
AISLE_NEAR_PATH,0.207,6.664,0,0.414,moved,aisle,41,MEDIUM
LARGE_OBJECT_NEAR_PATH,0.827,1.363,0,0.166,added,aisle,75,HIGH
STORAGE_NORMAL_CHANGE,0.103,7.528,0,4.579,added,storage,8,LOW
AISLE_PATH_BLOCK,0.521,4.255,1,0.093,moved,aisle,83,HIGH
AISLE_NEAR_PATH,0.525,2.125,0,0.216,added,aisle,52,MEDIUM
LARGE_PATH_BLOCK,0.723,1.31,1,0.098,added,aisle,87,HIGH
WORK_AREA_NEAR_PATH,0.668,5.183,0,0.412,added,work,51,MEDIUM
LARGE_OBJECT_NEAR_PATH,0.715,4.625,0,0.278,added,aisle,65,MEDIUM
AISLE_PATH_BLOCK,0.353,6.708,1,0.141,moved,aisle,92,HIGH
WORK_AREA_NEAR_PATH,0.52,4.596,0,0.218,added,work,45,MEDIUM
WORK_AREA_NEAR_PATH,0.273,3.74,0,0.306,moved,work,38,MEDIUM
LARGE_PATH_BLOCK,0.993,4.604,1,0.075,added,aisle,90,HIGH
WORK_AREA_NEAR_PATH,0.386,1.039,0,0.271,added,work,47,MEDIUM
LARGE_OBJECT_NEAR_PATH,0.833,2.012,0,0.395,added,aisle,68,MEDIUM
SAFE_MINOR_CHANGE,0.194,7.884,0,2.153,moved,safe,11,LOW
LARGE_PATH_BLOCK,0.703,1.778,1,0.047,added,aisle,86,HIGH
STORAGE_NORMAL_CHANGE,0.065,1.002,0,2.613,removed,storage,6,LOW
AISLE_NEAR_PATH,0.321,2.176,0,0.582,moved,aisle,64,MEDIUM
WORK_AREA_CHANGE,0.447,0.8,0,0.542,added,work,34,MEDIUM
AISLE_NEAR_PATH,0.225,6.316,0,0.261,added,aisle,59,MEDIUM
WORK_AREA_CHANGE,0.558,6.505,0,1.086,added,work,32,MEDIUM
STORAGE_NORMAL_CHANGE,0.058,7.437,0,4.808,moved,storage,5,LOW
STORAGE_NORMAL_CHANGE,0.111,2.901,0,2.473,removed,storage,16,LOW
WORK_AREA_NEAR_PATH,0.28,5.454,0,0.565,added,work,35,MEDIUM
WORK_AREA_NEAR_PATH,0.468,2.284,0,0.606,added,work,60,MEDIUM
STORAGE_NORMAL_CHANGE,0.116,3.022,0,4.951,added,storage,5,LOW
WORK_AREA_CHANGE,0.445,0.624,0,1.937,moved,work,35,MEDIUM
AISLE_PATH_BLOCK,0.707,4.837,1,0.074,added,aisle,83,HIGH
LARGE_OBJECT_NEAR_PATH,0.773,5.186,0,0.305,added,aisle,74,HIGH
WORK_AREA_NEAR_PATH,0.383,5.881,0,0.672,added,work,52,MEDIUM
RESTRICTED_AREA_CHANGE,0.106,7.859,0,2.737,moved,restricted,60,MEDIUM
WORK_AREA_NEAR_PATH,0.512,7.423,0,0.693,added,work,51,MEDIUM
LARGE_PATH_BLOCK,0.841,5.272,1,0.043,added,aisle,100,HIGH
SAFE_MINOR_CHANGE,0.12,5.748,0,3.597,added,safe,15,LOW
WORK_AREA_CHANGE,0.499,7.773,0,0.651,moved,work,35,MEDIUM
LARGE_PATH_BLOCK,0.916,4.585,1,0.078,added,aisle,88,HIGH
RESTRICTED_AREA_CHANGE,0.479,5.335,0,1.077,moved,restricted,81,HIGH
WORK_AREA_NEAR_PATH,0.301,4.632,0,0.182,added,work,54,MEDIUM
RESTRICTED_AREA_CHANGE,0.436,4.803,0,2.56,added,restricted,79,HIGH
WORK_AREA_CHANGE,0.106,3.755,0,1.562,added,work,40,MEDIUM
SAFE_MINOR_CHANGE,0.091,5.082,0,3.539,moved,safe,6,LOW
WORK_AREA_CHANGE,0.386,3.669,0,1.341,added,work,28,LOW
LARGE_PATH_BLOCK,0.99,7.459,1,0.053,added,aisle,89,HIGH
LARGE_PATH_BLOCK,0.975,3.161,1,0.086,added,aisle,89,HIGH
LARGE_PATH_BLOCK,0.792,6.156,1,0.085,added,aisle,98,HIGH
WORK_AREA_CHANGE,0.354,3.777,0,1.01,moved,work,26,LOW
STORAGE_NORMAL_CHANGE,0.247,7.961,0,2.945,moved,storage,15,LOW
SAFE_MINOR_CHANGE,0.094,7.52,0,4.416,added,safe,5,LOW
SAFE_MINOR_CHANGE,0.157,5.462,0,2.495,moved,safe,1,LOW
WORK_AREA_NEAR_PATH,0.372,1.178,0,0.424,moved,work,39,MEDIUM
WORK_AREA_CHANGE,0.459,4.753,0,1.245,added,work,41,MEDIUM
WORK_AREA_CHANGE,0.525,7.734,0,1.198,moved,work,21,LOW
AISLE_NEAR_PATH,0.272,5.603,0,0.363,moved,aisle,49,MEDIUM
WORK_AREA_NEAR_PATH,0.265,3.481,0,0.376,moved,work,39,MEDIUM
SAFE_MINOR_CHANGE,0.115,0.979,0,4.311,added,safe,10,LOW
LARGE_OBJECT_NEAR_PATH,0.788,6.097,0,0.283,added,aisle,65,MEDIUM
AISLE_PATH_BLOCK,0.434,5.0,1,0.069,added,aisle,83,HIGH
WORK_AREA_NEAR_PATH,0.67,5.206,0,0.436,moved,work,55,MEDIUM
WORK_AREA_CHANGE,0.487,3.445,0,0.549,moved,work,23,LOW
WORK_AREA_CHANGE,0.184,6.056,0,1.677,added,work,23,LOW
LARGE_OBJECT_NEAR_PATH,0.964,3.788,0,0.179,added,aisle,71,HIGH
AISLE_PATH_BLOCK,0.535,3.724,1,0.148,added,aisle,77,HIGH
AISLE_PATH_BLOCK,0.622,0.608,1,0.043,moved,aisle,95,HIGH
WORK_AREA_NEAR_PATH,0.565,2.02,0,0.266,added,work,60,MEDIUM
STORAGE_NORMAL_CHANGE,0.378,0.824,0,1.019,removed,storage,20,LOW
SAFE_MINOR_CHANGE,0.158,7.789,0,3.003,added,safe,2,LOW
WORK_AREA_CHANGE,0.356,0.908,0,0.949,moved,work,26,LOW
RESTRICTED_AREA_CHANGE,0.241,5.8,0,2.361,added,restricted,67,MEDIUM
RESTRICTED_AREA_CHANGE,0.636,1.212,0,2.6,moved,restricted,78,HIGH
WORK_AREA_CHANGE,0.113,2.32,0,1.05,added,work,29,LOW
WORK_AREA_NEAR_PATH,0.41,3.611,0,0.33,added,work,60,MEDIUM
WORK_AREA_NEAR_PATH,0.49,3.564,0,0.596,moved,work,43,MEDIUM
RESTRICTED_AREA_CHANGE,0.371,4.41,0,1.596,added,restricted,67,MEDIUM
WORK_AREA_NEAR_PATH,0.687,0.795,0,0.693,added,work,57,MEDIUM
STORAGE_NORMAL_CHANGE,0.136,1.816,0,4.248,removed,storage,10,LOW
SAFE_MINOR_CHANGE,0.066,5.464,0,3.228,moved,safe,12,LOW
WORK_AREA_CHANGE,0.191,4.472,0,1.56,added,work,34,MEDIUM
SAFE_MINOR_CHANGE,0.102,4.18,0,4.751,added,safe,9,LOW
LARGE_PATH_BLOCK,0.8,2.688,1,0.035,added,aisle,95,HIGH
STORAGE_NORMAL_CHANGE,0.068,4.21,0,1.496,removed,storage,10,LOW
WORK_AREA_NEAR_PATH,0.569,1.783,0,0.384,moved,work,47,MEDIUM
RESTRICTED_AREA_CHANGE,0.671,1.012,0,2.165,moved,restricted,78,HIGH
RESTRICTED_AREA_CHANGE,0.635,6.029,0,0.557,added,restricted,75,HIGH
STORAGE_NORMAL_CHANGE,0.397,1.2,0,3.625,added,storage,5,LOW
LARGE_OBJECT_NEAR_PATH,0.85,3.871,0,0.288,added,aisle,72,HIGH
LARGE_PATH_BLOCK,0.968,4.243,1,0.013,added,aisle,99,HIGH
SAFE_MINOR_CHANGE,0.198,6.637,0,3.966,added,safe,7,LOW
WORK_AREA_CHANGE,0.522,0.926,0,1.665,added,work,29,LOW
AISLE_NEAR_PATH,0.294,5.836,0,0.176,added,aisle,54,MEDIUM
SAFE_MINOR_CHANGE,0.152,3.099,0,1.495,added,safe,0,NORMAL
LARGE_OBJECT_NEAR_PATH,0.996,5.521,0,0.334,added,aisle,61,MEDIUM
WORK_AREA_CHANGE,0.117,5.623,0,1.926,added,work,41,MEDIUM
LARGE_PATH_BLOCK,0.798,6.955,1,0.001,added,aisle,89,HIGH
AISLE_NEAR_PATH,0.281,6.343,0,0.197,added,aisle,44,MEDIUM
STORAGE_NORMAL_CHANGE,0.3,2.122,0,4.441,removed,storage,18,LOW
LARGE_OBJECT_NEAR_PATH,0.727,4.082,0,0.436,added,aisle,60,MEDIUM
RESTRICTED_AREA_CHANGE,0.665,7.223,0,1.333,added,restricted,77,HIGH
RESTRICTED_AREA_CHANGE,0.307,2.451,0,2.856,added,restricted,78,HIGH
SAFE_MINOR_CHANGE,0.104,1.369,0,1.288,moved,safe,13,LOW
LARGE_PATH_BLOCK,0.935,3.694,1,0.061,added,aisle,86,HIGH
RESTRICTED_AREA_CHANGE,0.479,1.428,0,2.05,added,restricted,80,HIGH
WORK_AREA_NEAR_PATH,0.309,7.001,0,0.34,added,work,58,MEDIUM
LARGE_PATH_BLOCK,0.841,1.127,1,0.002,added,aisle,90,HIGH
SAFE_MINOR_CHANGE,0.145,1.628,0,1.189,added,safe,2,LOW
WORK_AREA_NEAR_PATH,0.585,5.931,0,0.163,added,work,53,MEDIUM
WORK_AREA_NEAR_PATH,0.416,1.575,0,0.675,moved,work,38,MEDIUM
WORK_AREA_CHANGE,0.413,3.15,0,1.519,moved,work,40,MEDIUM
WORK_AREA_CHANGE,0.55,5.943,0,0.603,added,work,37,MEDIUM
SAFE_MINOR_CHANGE,0.107,3.747,0,1.143,moved,safe,15,LOW
STORAGE_NORMAL_CHANGE,0.062,0.871,0,3.406,moved,storage,15,LOW
LARGE_PATH_BLOCK,0.814,5.222,1,0.006,added,aisle,89,HIGH
WORK_AREA_NEAR_PATH,0.592,6.711,0,0.412,added,work,48,MEDIUM
LARGE_PATH_BLOCK,0.835,1.573,1,0.098,added,aisle,94,HIGH
LARGE_PATH_BLOCK,0.831,7.571,1,0.054,added,aisle,89,HIGH
WORK_AREA_NEAR_PATH,0.402,6.926,0,0.309,moved,work,53,MEDIUM
AISLE_PATH_BLOCK,0.34,3.122,1,0.148,added,aisle,78,HIGH
AISLE_NEAR_PATH,0.324,7.046,0,0.47,added,aisle,50,MEDIUM
SAFE_MINOR_CHANGE,0.131,4.652,0,3.237,moved,safe,4,LOW
LARGE_PATH_BLOCK,0.974,7.385,1,0.042,added,aisle,85,HIGH
STORAGE_NORMAL_CHANGE,0.287,1.775,0,4.273,added,storage,17,LOW
WORK_AREA_CHANGE,0.544,5.226,0,1.281,added,work,31,MEDIUM
LARGE_PATH_BLOCK,0.743,5.618,1,0.012,added,aisle,94,HIGH
LARGE_PATH_BLOCK,0.708,7.684,1,0.029,added,aisle,94,HIGH
LARGE_OBJECT_NEAR_PATH,0.648,0.94,0,0.205,added,aisle,64,MEDIUM
WORK_AREA_NEAR_PATH,0.543,0.8,0,0.587,added,work,42,MEDIUM
AISLE_PATH_BLOCK,0.842,7.982,1,0.073,added,aisle,85,HIGH
WORK_AREA_CHANGE,0.172,2.662,0,0.793,moved,work,20,LOW
SAFE_MINOR_CHANGE,0.099,2.446,0,1.181,added,safe,7,LOW
RESTRICTED_AREA_CHANGE,0.279,2.048,0,2.531,moved,restricted,62,MEDIUM
LARGE_OBJECT_NEAR_PATH,0.73,4.325,0,0.252,added,aisle,63,MEDIUM
LARGE_PATH_BLOCK,0.792,5.265,1,0.06,added,aisle,97,HIGH
AISLE_PATH_BLOCK,0.301,5.139,1,0.037,moved,aisle,82,HIGH
RESTRICTED_AREA_CHANGE,0.568,6.875,0,0.608,moved,restricted,84,HIGH
LARGE_OBJECT_NEAR_PATH,0.774,7.188,0,0.163,added,aisle,57,MEDIUM
WORK_AREA_NEAR_PATH,0.563,1.455,0,0.535,added,work,47,MEDIUM
STORAGE_NORMAL_CHANGE,0.171,2.906,0,3.189,added,storage,16,LOW
WORK_AREA_NEAR_PATH,0.414,2.599,0,0.527,moved,work,56,MEDIUM
LARGE_PATH_BLOCK,0.779,5.124,1,0.049,added,aisle,92,HIGH
WORK_AREA_CHANGE,0.113,2.468,0,1.196,moved,work,20,LOW
LARGE_PATH_BLOCK,0.974,4.503,1,0.045,added,aisle,87,HIGH
AISLE_NEAR_PATH,0.533,4.884,0,0.436,added,aisle,54,MEDIUM
WORK_AREA_NEAR_PATH,0.363,2.535,0,0.507,moved,work,36,MEDIUM
AISLE_NEAR_PATH,0.38,0.615,0,0.441,added,aisle,43,MEDIUM
LARGE_PATH_BLOCK,0.994,3.248,1,0.094,added,aisle,93,HIGH
LARGE_OBJECT_NEAR_PATH,0.75,0.988,0,0.338,added,aisle,75,HIGH
LARGE_PATH_BLOCK,0.792,7.162,1,0.041,added,aisle,92,HIGH
AISLE_NEAR_PATH,0.292,1.791,0,0.244,added,aisle,51,MEDIUM
LARGE_PATH_BLOCK,0.731,1.625,1,0.063,added,aisle,95,HIGH
LARGE_OBJECT_NEAR_PATH,0.856,4.4,0,0.195,added,aisle,62,MEDIUM
SAFE_MINOR_CHANGE,0.15,6.507,0,1.196,moved,safe,3,LOW
LARGE_OBJECT_NEAR_PATH,0.851,6.794,0,0.409,added,aisle,63,MEDIUM
WORK_AREA_NEAR_PATH,0.561,4.587,0,0.299,added,work,43,MEDIUM
LARGE_PATH_BLOCK,0.808,3.508,1,0.03,added,aisle,87,HIGH
WORK_AREA_CHANGE,0.441,2.586,0,1.939,moved,work,38,MEDIUM
RESTRICTED_AREA_CHANGE,0.646,6.285,0,1.334,moved,restricted,64,MEDIUM
RESTRICTED_AREA_CHANGE,0.485,1.464,0,0.393,added,restricted,65,MEDIUM
AISLE_PATH_BLOCK,0.493,7.616,1,0.147,added,aisle,77,HIGH
SAFE_MINOR_CHANGE,0.122,5.646,0,1.049,added,safe,7,LOW
LARGE_PATH_BLOCK,0.996,4.988,1,0.061,added,aisle,97,HIGH
SAFE_MINOR_CHANGE,0.1,7.625,0,2.371,moved,safe,2,LOW
SAFE_MINOR_CHANGE,0.027,7.228,0,1.116,added,safe,3,LOW
AISLE_NEAR_PATH,0.698,7.958,0,0.406,added,aisle,62,MEDIUM
AISLE_NEAR_PATH,0.284,4.453,0,0.273,added,aisle,40,MEDIUM
LARGE_OBJECT_NEAR_PATH,0.684,2.78,0,0.489,added,aisle,60,MEDIUM
STORAGE_NORMAL_CHANGE,0.376,0.998,0,4.45,removed,storage,22,LOW
WORK_AREA_CHANGE,0.366,5.317,0,1.194,moved,work,30,LOW
LARGE_OBJECT_NEAR_PATH,0.977,7.145,0,0.345,added,aisle,64,MEDIUM
AISLE_PATH_BLOCK,0.713,2.004,1,0.115,moved,aisle,80,HIGH
AISLE_PATH_BLOCK,0.711,2.358,1,0.069,added,aisle,88,HIGH
STORAGE_NORMAL_CHANGE,0.397,3.337,0,4.341,removed,storage,9,LOW
WORK_AREA_NEAR_PATH,0.268,4.62,0,0.396,moved,work,48,MEDIUM
AISLE_PATH_BLOCK,0.63,7.061,1,0.002,added,aisle,91,HIGH
LARGE_OBJECT_NEAR_PATH,0.881,6.454,0,0.285,added,aisle,68,MEDIUM
RESTRICTED_AREA_CHANGE,0.789,4.165,0,0.324,moved,restricted,66,MEDIUM
LARGE_PATH_BLOCK,0.964,5.378,1,0.058,added,aisle,87,HIGH
STORAGE_NORMAL_CHANGE,0.234,1.15,0,1.889,added,storage,14,LOW
AISLE_PATH_BLOCK,0.802,7.462,1,0.095,added,aisle,95,HIGH
AISLE_NEAR_PATH,0.251,2.613,0,0.384,moved,aisle,46,MEDIUM
RESTRICTED_AREA_CHANGE,0.601,7.835,0,1.784,added,restricted,77,HIGH
WORK_AREA_CHANGE,0.36,7.012,0,0.664,moved,work,29,LOW
LARGE_PATH_BLOCK,0.936,0.855,1,0.039,added,aisle,90,HIGH
WORK_AREA_CHANGE,0.125,7.425,0,1.825,moved,work,33,MEDIUM
AISLE_PATH_BLOCK,0.641,2.025,1,0.091,moved,aisle,91,HIGH
LARGE_PATH_BLOCK,0.715,5.057,1,0.069,added,aisle,85,HIGH
LARGE_OBJECT_NEAR_PATH,0.782,6.587,0,0.169,added,aisle,73,HIGH
SAFE_MINOR_CHANGE,0.174,2.35,0,3.671,added,safe,2,LOW
LARGE_OBJECT_NEAR_PATH,0.946,3.511,0,0.363,added,aisle,71,HIGH
AISLE_NEAR_PATH,0.568,6.147,0,0.197,added,aisle,55,MEDIUM
AISLE_PATH_BLOCK,0.334,2.895,1,0.048,moved,aisle,82,HIGH
RESTRICTED_AREA_CHANGE,0.183,2.495,0,1.92,added,restricted,63,MEDIUM
RESTRICTED_AREA_CHANGE,0.509,3.55,0,0.76,moved,restricted,60,MEDIUM
WORK_AREA_CHANGE,0.409,5.587,0,1.62,added,work,33,MEDIUM
AISLE_PATH_BLOCK,0.678,6.836,1,0.083,added,aisle,79,HIGH
LARGE_PATH_BLOCK,0.742,3.17,1,0.045,added,aisle,90,HIGH
RESTRICTED_AREA_CHANGE,0.448,5.549,0,1.31,added,restricted,69,MEDIUM
STORAGE_NORMAL_CHANGE,0.393,7.777,0,4.624,added,storage,25,LOW
RESTRICTED_AREA_CHANGE,0.467,1.517,0,2.08,moved,restricted,62,MEDIUM
LARGE_OBJECT_NEAR_PATH,0.988,5.437,0,0.478,added,aisle,61,MEDIUM
SAFE_MINOR_CHANGE,0.184,5.231,0,1.71,added,safe,5,LOW
LARGE_OBJECT_NEAR_PATH,0.6,0.92,0,0.278,added,aisle,57,MEDIUM
RESTRICTED_AREA_CHANGE,0.544,6.015,0,0.957,moved,restricted,82,HIGH
AISLE_NEAR_PATH,0.265,3.882,0,0.465,moved,aisle,65,MEDIUM
LARGE_PATH_BLOCK,0.91,2.186,1,0.036,added,aisle,89,HIGH
LARGE_PATH_BLOCK,0.961,5.038,1,0.051,added,aisle,91,HIGH
WORK_AREA_CHANGE,0.332,2.07,0,1.734,added,work,25,LOW
LARGE_OBJECT_NEAR_PATH,0.96,0.507,0,0.23,added,aisle,60,MEDIUM
SAFE_MINOR_CHANGE,0.107,4.171,0,2.332,added,safe,6,LOW
WORK_AREA_NEAR_PATH,0.522,7.127,0,0.279,moved,work,47,MEDIUM
WORK_AREA_CHANGE,0.393,2.918,0,1.546,added,work,44,MEDIUM
AISLE_PATH_BLOCK,0.369,5.254,1,0.086,added,aisle,89,HIGH
RESTRICTED_AREA_CHANGE,0.555,7.624,0,0.504,added,restricted,69,MEDIUM
SAFE_MINOR_CHANGE,0.162,5.006,0,1.865,moved,safe,6,LOW
AISLE_PATH_BLOCK,0.438,3.556,1,0.049,moved,aisle,93,HIGH
SAFE_MINOR_CHANGE,0.059,6.142,0,3.017,moved,safe,12,LOW
WORK_AREA_CHANGE,0.287,3.845,0,1.115,moved,work,24,LOW
STORAGE_NORMAL_CHANGE,0.461,1.55,0,3.711,removed,storage,22,LOW
SAFE_MINOR_CHANGE,0.119,4.743,0,3.808,moved,safe,10,LOW
SAFE_MINOR_CHANGE,0.106,7.938,0,1.016,moved,safe,0,NORMAL
WORK_AREA_CHANGE,0.27,6.663,0,0.736,added,work,22,LOW
AISLE_PATH_BLOCK,0.757,6.702,1,0.003,moved,aisle,76,HIGH
AISLE_NEAR_PATH,0.229,4.199,0,0.282,added,aisle,41,MEDIUM
LARGE_OBJECT_NEAR_PATH,0.854,1.926,0,0.193,added,aisle,59,MEDIUM
LARGE_OBJECT_NEAR_PATH,0.93,2.17,0,0.273,added,aisle,67,MEDIUM
LARGE_OBJECT_NEAR_PATH,0.756,0.759,0,0.246,added,aisle,63,MEDIUM
LARGE_PATH_BLOCK,0.929,3.01,1,0.028,added,aisle,93,HIGH
WORK_AREA_NEAR_PATH,0.538,4.003,0,0.328,moved,work,42,MEDIUM
LARGE_OBJECT_NEAR_PATH,0.775,5.677,0,0.351,added,aisle,74,HIGH
LARGE_PATH_BLOCK,0.717,5.19,1,0.065,added,aisle,100,HIGH
LARGE_OBJECT_NEAR_PATH,0.923,7.905,0,0.28,added,aisle,70,MEDIUM
WORK_AREA_CHANGE,0.41,6.401,0,0.586,added,work,42,MEDIUM
LARGE_OBJECT_NEAR_PATH,0.981,1.645,0,0.392,added,aisle,72,HIGH
AISLE_PATH_BLOCK,0.821,6.105,1,0.062,moved,aisle,90,HIGH
WORK_AREA_CHANGE,0.402,3.47,0,0.562,moved,work,22,LOW
SAFE_MINOR_CHANGE,0.028,7.817,0,4.045,moved,safe,12,LOW
AISLE_PATH_BLOCK,0.424,7.488,1,0.061,added,aisle,93,HIGH
WORK_AREA_CHANGE,0.47,7.913,0,1.77,added,work,35,MEDIUM
LARGE_OBJECT_NEAR_PATH,0.916,3.677,0,0.236,added,aisle,63,MEDIUM
AISLE_NEAR_PATH,0.507,6.001,0,0.352,added,aisle,59,MEDIUM
LARGE_PATH_BLOCK,0.721,4.792,1,0.092,added,aisle,98,HIGH
LARGE_PATH_BLOCK,0.921,2.69,1,0.045,added,aisle,85,HIGH
LARGE_OBJECT_NEAR_PATH,0.967,0.878,0,0.154,added,aisle,55,MEDIUM
RESTRICTED_AREA_CHANGE,0.483,0.668,0,1.819,added,restricted,61,MEDIUM
WORK_AREA_NEAR_PATH,0.378,2.562,0,0.689,added,work,41,MEDIUM
LARGE_PATH_BLOCK,0.764,0.869,1,0.004,added,aisle,94,HIGH
LARGE_OBJECT_NEAR_PATH,0.885,2.187,0,0.409,added,aisle,65,MEDIUM
RESTRICTED_AREA_CHANGE,0.149,4.999,0,0.589,added,restricted,67,MEDIUM
WORK_AREA_CHANGE,0.507,6.084,0,1.179,moved,work,44,MEDIUM
WORK_AREA_CHANGE,0.378,3.006,0,0.908,moved,work,31,MEDIUM
AISLE_NEAR_PATH,0.476,0.691,0,0.154,moved,aisle,62,MEDIUM
STORAGE_NORMAL_CHANGE,0.274,4.203,0,4.884,removed,storage,12,LOW
WORK_AREA_CHANGE,0.426,1.433,0,0.943,moved,work,43,MEDIUM
AISLE_NEAR_PATH,0.487,5.51,0,0.653,added,aisle,49,MEDIUM
AISLE_NEAR_PATH,0.589,6.329,0,0.628,added,aisle,47,MEDIUM
WORK_AREA_CHANGE,0.425,2.529,0,1.058,moved,work,21,LOW
AISLE_NEAR_PATH,0.654,7.824,0,0.315,moved,aisle,44,MEDIUM
LARGE_OBJECT_NEAR_PATH,0.627,2.531,0,0.398,added,aisle,74,HIGH
WORK_AREA_NEAR_PATH,0.664,2.411,0,0.228,moved,work,52,MEDIUM
AISLE_NEAR_PATH,0.414,3.817,0,0.226,added,aisle,40,MEDIUM
AISLE_NEAR_PATH,0.442,1.005,0,0.644,added,aisle,63,MEDIUM
AISLE_NEAR_PATH,0.381,1.033,0,0.212,added,aisle,57,MEDIUM
AISLE_PATH_BLOCK,0.381,3.566,1,0.027,moved,aisle,80,HIGH
AISLE_NEAR_PATH,0.517,3.246,0,0.173,added,aisle,49,MEDIUM
RESTRICTED_AREA_CHANGE,0.295,0.695,0,2.394,added,restricted,78,HIGH
LARGE_OBJECT_NEAR_PATH,0.938,6.764,0,0.3,added,aisle,59,MEDIUM
LARGE_OBJECT_NEAR_PATH,0.813,5.339,0,0.362,added,aisle,69,MEDIUM
AISLE_NEAR_PATH,0.167,7.7,0,0.231,added,aisle,49,MEDIUM
LARGE_PATH_BLOCK,0.842,2.686,1,0.079,added,aisle,91,HIGH
LARGE_PATH_BLOCK,0.867,0.557,1,0.019,added,aisle,95,HIGH
LARGE_OBJECT_NEAR_PATH,0.731,4.844,0,0.457,added,aisle,74,HIGH
WORK_AREA_NEAR_PATH,0.573,6.133,0,0.255,moved,work,36,MEDIUM
WORK_AREA_CHANGE,0.569,2.43,0,1.237,moved,work,24,LOW
LARGE_OBJECT_NEAR_PATH,0.949,7.292,0,0.458,added,aisle,69,MEDIUM
RESTRICTED_AREA_CHANGE,0.322,3.941,0,2.598,added,restricted,67,MEDIUM
LARGE_OBJECT_NEAR_PATH,0.819,3.162,0,0.403,added,aisle,60,MEDIUM
WORK_AREA_NEAR_PATH,0.372,2.275,0,0.65,added,work,54,MEDIUM
WORK_AREA_NEAR_PATH,0.392,7.011,0,0.445,moved,work,52,MEDIUM
STORAGE_NORMAL_CHANGE,0.252,2.489,0,2.571,removed,storage,13,LOW
LARGE_OBJECT_NEAR_PATH,0.771,0.594,0,0.468,added,aisle,75,HIGH
LARGE_PATH_BLOCK,0.843,7.232,1,0.004,added,aisle,87,HIGH
LARGE_PATH_BLOCK,0.967,2.395,1,0.033,added,aisle,92,HIGH
LARGE_OBJECT_NEAR_PATH,0.744,4.453,0,0.394,added,aisle,74,HIGH
RESTRICTED_AREA_CHANGE,0.554,7.821,0,1.787,moved,restricted,67,MEDIUM
SAFE_MINOR_CHANGE,0.115,7.521,0,4.121,moved,safe,7,LOW
WORK_AREA_NEAR_PATH,0.385,2.557,0,0.551,added,work,43,MEDIUM
STORAGE_NORMAL_CHANGE,0.22,4.906,0,4.865,added,storage,15,LOW
WORK_AREA_CHANGE,0.1,0.763,0,1.986,moved,work,40,MEDIUM
AISLE_NEAR_PATH,0.282,3.453,0,0.511,moved,aisle,61,MEDIUM
RESTRICTED_AREA_CHANGE,0.484,1.594,0,0.514,moved,restricted,84,HIGH
WORK_AREA_NEAR_PATH,0.419,4.055,0,0.469,added,work,35,MEDIUM
SAFE_MINOR_CHANGE,0.169,0.636,0,3.383,added,safe,3,LOW
STORAGE_NORMAL_CHANGE,0.265,4.207,0,2.629,moved,storage,16,LOW
WORK_AREA_CHANGE,0.321,5.789,0,1.757,moved,work,34,MEDIUM
STORAGE_NORMAL_CHANGE,0.183,1.773,0,1.781,removed,storage,6,LOW
LARGE_PATH_BLOCK,0.815,7.096,1,0.011,added,aisle,92,HIGH
WORK_AREA_NEAR_PATH,0.585,4.252,0,0.572,added,work,41,MEDIUM
AISLE_NEAR_PATH,0.531,4.957,0,0.231,added,aisle,61,MEDIUM
WORK_AREA_NEAR_PATH,0.541,5.32,0,0.509,added,work,50,MEDIUM
LARGE_OBJECT_NEAR_PATH,0.636,7.532,0,0.487,added,aisle,62,MEDIUM
RESTRICTED_AREA_CHANGE,0.683,5.359,0,2.232,moved,restricted,63,MEDIUM
AISLE_PATH_BLOCK,0.758,6.38,1,0.063,added,aisle,91,HIGH
WORK_AREA_CHANGE,0.277,0.597,0,0.921,added,work,28,LOW
LARGE_OBJECT_NEAR_PATH,0.643,0.972,0,0.378,added,aisle,69,MEDIUM
LARGE_PATH_BLOCK,0.789,5.931,1,0.015,added,aisle,99,HIGH
STORAGE_NORMAL_CHANGE,0.119,5.657,0,1.189,moved,storage,11,LOW
WORK_AREA_CHANGE,0.18,5.55,0,0.906,moved,work,27,LOW
RESTRICTED_AREA_CHANGE,0.715,4.078,0,1.735,moved,restricted,71,HIGH
SAFE_MINOR_CHANGE,0.15,2.879,0,4.56,added,safe,9,LOW
AISLE_PATH_BLOCK,0.673,1.676,1,0.088,added,aisle,82,HIGH
RESTRICTED_AREA_CHANGE,0.281,4.948,0,1.111,moved,restricted,69,MEDIUM
AISLE_PATH_BLOCK,0.724,4.68,1,0.055,added,aisle,78,HIGH
LARGE_OBJECT_NEAR_PATH,0.641,6.039,0,0.46,added,aisle,59,MEDIUM
STORAGE_NORMAL_CHANGE,0.332,6.105,0,4.579,removed,storage,10,LOW
AISLE_PATH_BLOCK,0.592,1.596,1,0.085,added,aisle,80,HIGH
STORAGE_NORMAL_CHANGE,0.392,1.462,0,4.123,added,storage,24,LOW
LARGE_OBJECT_NEAR_PATH,0.927,3.922,0,0.248,added,aisle,70,MEDIUM
STORAGE_NORMAL_CHANGE,0.406,3.957,0,1.325,removed,storage,5,LOW
LARGE_OBJECT_NEAR_PATH,0.743,1.015,0,0.45,added,aisle,56,MEDIUM
WORK_AREA_NEAR_PATH,0.355,3.978,0,0.614,moved,work,55,MEDIUM
AISLE_NEAR_PATH,0.425,4.544,0,0.605,moved,aisle,48,MEDIUM
RESTRICTED_AREA_CHANGE,0.173,7.558,0,0.683,added,restricted,66,MEDIUM
WORK_AREA_NEAR_PATH,0.253,7.799,0,0.625,added,work,42,MEDIUM
AISLE_NEAR_PATH,0.435,1.225,0,0.498,moved,aisle,41,MEDIUM
LARGE_PATH_BLOCK,0.857,4.522,1,0.001,added,aisle,88,HIGH
SAFE_MINOR_CHANGE,0.165,1.29,0,1.266,added,safe,9,LOW
RESTRICTED_AREA_CHANGE,0.416,7.487,0,0.837,moved,restricted,64,MEDIUM
WORK_AREA_NEAR_PATH,0.423,4.573,0,0.297,moved,work,50,MEDIUM
STORAGE_NORMAL_CHANGE,0.263,4.324,0,2.249,removed,storage,25,LOW
STORAGE_NORMAL_CHANGE,0.1,7.67,0,1.618,added,storage,9,LOW
AISLE_PATH_BLOCK,0.831,6.913,1,0.05,moved,aisle,90,HIGH
WORK_AREA_CHANGE,0.424,6.371,0,1.422,moved,work,32,MEDIUM
AISLE_PATH_BLOCK,0.544,6.601,1,0.066,moved,aisle,79,HIGH
WORK_AREA_CHANGE,0.4,5.68,0,0.644,added,work,24,LOW
WORK_AREA_NEAR_PATH,0.206,1.442,0,0.454,added,work,43,MEDIUM
WORK_AREA_CHANGE,0.594,7.784,0,1.878,moved,work,39,MEDIUM
STORAGE_NORMAL_CHANGE,0.238,1.388,0,4.179,added,storage,22,LOW
AISLE_PATH_BLOCK,0.5,5.655,1,0.007,moved,aisle,92,HIGH
WORK_AREA_NEAR_PATH,0.259,6.419,0,0.305,moved,work,53,MEDIUM
AISLE_NEAR_PATH,0.46,2.709,0,0.163,moved,aisle,55,MEDIUM
STORAGE_NORMAL_CHANGE,0.468,4.189,0,3.115,moved,storage,17,LOW
WORK_AREA_CHANGE,0.14,5.721,0,0.608,added,work,32,MEDIUM
AISLE_PATH_BLOCK,0.671,6.884,1,0.091,added,aisle,95,HIGH
WORK_AREA_NEAR_PATH,0.244,3.808,0,0.47,added,work,41,MEDIUM
RESTRICTED_AREA_CHANGE,0.579,3.707,0,0.841,added,restricted,82,HIGH
SAFE_MINOR_CHANGE,0.034,1.578,0,3.772,added,safe,2,LOW
SAFE_MINOR_CHANGE,0.128,6.936,0,1.018,moved,safe,8,LOW
LARGE_OBJECT_NEAR_PATH,0.863,6.124,0,0.171,added,aisle,59,MEDIUM
LARGE_PATH_BLOCK,0.985,6.074,1,0.078,added,aisle,96,HIGH
WORK_AREA_CHANGE,0.192,1.743,0,0.567,added,work,42,MEDIUM
LARGE_OBJECT_NEAR_PATH,0.782,1.391,0,0.349,added,aisle,66,MEDIUM
WORK_AREA_NEAR_PATH,0.416,2.739,0,0.57,moved,work,41,MEDIUM
LARGE_PATH_BLOCK,0.73,5.619,1,0.063,added,aisle,99,HIGH
WORK_AREA_NEAR_PATH,0.47,7.424,0,0.447,added,work,51,MEDIUM
LARGE_OBJECT_NEAR_PATH,0.712,7.739,0,0.222,added,aisle,68,MEDIUM
RESTRICTED_AREA_CHANGE,0.794,1.804,0,2.825,moved,restricted,70,MEDIUM
AISLE_PATH_BLOCK,0.812,4.97,1,0.01,moved,aisle,84,HIGH
SAFE_MINOR_CHANGE,0.192,4.117,0,4.131,added,safe,1,LOW
WORK_AREA_CHANGE,0.577,1.966,0,1.939,moved,work,39,MEDIUM
LARGE_PATH_BLOCK,0.793,1.74,1,0.037,added,aisle,90,HIGH
AISLE_NEAR_PATH,0.441,2.544,0,0.295,moved,aisle,55,MEDIUM
AISLE_NEAR_PATH,0.661,3.229,0,0.206,added,aisle,44,MEDIUM
AISLE_PATH_BLOCK,0.413,5.844,1,0.132,moved,aisle,89,HIGH
AISLE_NEAR_PATH,0.561,1.809,0,0.662,moved,aisle,53,MEDIUM
LARGE_PATH_BLOCK,0.791,4.036,1,0.0,added,aisle,90,HIGH
RESTRICTED_AREA_CHANGE,0.102,2.307,0,2.363,added,restricted,78,HIGH
SAFE_MINOR_CHANGE,0.191,4.115,0,4.813,added,safe,2,LOW
RESTRICTED_AREA_CHANGE,0.131,6.942,0,0.509,moved,restricted,73,HIGH
AISLE_PATH_BLOCK,0.447,4.775,1,0.002,moved,aisle,84,HIGH
WORK_AREA_CHANGE,0.398,6.442,0,1.63,added,work,43,MEDIUM
LARGE_PATH_BLOCK,0.915,0.891,1,0.056,added,aisle,91,HIGH
AISLE_NEAR_PATH,0.642,4.794,0,0.485,added,aisle,57,MEDIUM
AISLE_PATH_BLOCK,0.377,0.791,1,0.005,added,aisle,82,HIGH
RESTRICTED_AREA_CHANGE,0.597,1.965,0,2.849,added,restricted,69,MEDIUM
WORK_AREA_CHANGE,0.102,3.839,0,1.002,added,work,24,LOW
LARGE_OBJECT_NEAR_PATH,0.855,1.547,0,0.344,added,aisle,70,MEDIUM
AISLE_NEAR_PATH,0.302,4.274,0,0.312,added,aisle,48,MEDIUM
RESTRICTED_AREA_CHANGE,0.55,3.271,0,1.576,added,restricted,72,HIGH
STORAGE_NORMAL_CHANGE,0.225,3.09,0,3.136,removed,storage,21,LOW
SAFE_MINOR_CHANGE,0.073,7.478,0,1.194,added,safe,7,LOW
RESTRICTED_AREA_CHANGE,0.658,3.964,0,0.915,added,restricted,85,HIGH
WORK_AREA_NEAR_PATH,0.272,6.577,0,0.538,added,work,48,MEDIUM
RESTRICTED_AREA_CHANGE,0.158,6.778,0,0.76,added,restricted,70,MEDIUM
LARGE_PATH_BLOCK,0.711,2.778,1,0.016,added,aisle,90,HIGH
WORK_AREA_NEAR_PATH,0.62,7.403,0,0.206,moved,work,59,MEDIUM
STORAGE_NORMAL_CHANGE,0.345,2.563,0,1.26,added,storage,6,LOW
WORK_AREA_CHANGE,0.18,5.078,0,1.686,moved,work,41,MEDIUM
AISLE_PATH_BLOCK,0.354,4.858,1,0.138,moved,aisle,91,HIGH
SAFE_MINOR_CHANGE,0.014,1.175,0,3.889,moved,safe,7,LOW
STORAGE_NORMAL_CHANGE,0.05,3.74,0,4.077,moved,storage,20,LOW
WORK_AREA_NEAR_PATH,0.541,0.872,0,0.222,added,work,51,MEDIUM
AISLE_PATH_BLOCK,0.443,3.886,1,0.055,added,aisle,77,HIGH
WORK_AREA_NEAR_PATH,0.584,5.208,0,0.446,moved,work,35,MEDIUM
AISLE_NEAR_PATH,0.428,7.147,0,0.299,moved,aisle,60,MEDIUM
LARGE_PATH_BLOCK,0.774,6.581,1,0.008,added,aisle,93,HIGH
LARGE_OBJECT_NEAR_PATH,0.69,0.707,0,0.163,added,aisle,72,HIGH
AISLE_PATH_BLOCK,0.816,4.708,1,0.06,added,aisle,90,HIGH
WORK_AREA_CHANGE,0.269,5.082,0,1.413,moved,work,26,LOW
LARGE_OBJECT_NEAR_PATH,0.967,2.835,0,0.381,added,aisle,55,MEDIUM
SAFE_MINOR_CHANGE,0.173,3.292,0,1.614,added,safe,9,LOW
AISLE_PATH_BLOCK,0.701,3.762,1,0.067,added,aisle,89,HIGH
AISLE_NEAR_PATH,0.633,0.845,0,0.696,moved,aisle,46,MEDIUM
STORAGE_NORMAL_CHANGE,0.273,3.993,0,1.022,moved,storage,21,LOW
AISLE_NEAR_PATH,0.281,7.855,0,0.275,moved,aisle,46,MEDIUM
STORAGE_NORMAL_CHANGE,0.338,6.95,0,4.732,added,storage,9,LOW
AISLE_PATH_BLOCK,0.793,5.711,1,0.112,moved,aisle,80,HIGH
LARGE_OBJECT_NEAR_PATH,0.894,7.805,0,0.461,added,aisle,74,HIGH
WORK_AREA_NEAR_PATH,0.461,2.901,0,0.274,added,work,47,MEDIUM
WORK_AREA_NEAR_PATH,0.242,3.603,0,0.575,moved,work,57,MEDIUM
AISLE_NEAR_PATH,0.256,0.532,0,0.427,moved,aisle,53,MEDIUM
WORK_AREA_CHANGE,0.232,1.909,0,0.561,moved,work,29,LOW
